-- MySQL dump 10.13  Distrib 8.0.41, for macos15.2 (arm64)
--
-- Host: localhost    Database: CasinoManagement
-- ------------------------------------------------------
-- Server version	8.0.41

/*!40101 SET @OLD_CHARACTER_SET_CLIENT=@@CHARACTER_SET_CLIENT */;
/*!40101 SET @OLD_CHARACTER_SET_RESULTS=@@CHARACTER_SET_RESULTS */;
/*!40101 SET @OLD_COLLATION_CONNECTION=@@COLLATION_CONNECTION */;
/*!50503 SET NAMES utf8mb4 */;
/*!40103 SET @OLD_TIME_ZONE=@@TIME_ZONE */;
/*!40103 SET TIME_ZONE='+00:00' */;
/*!40014 SET @OLD_UNIQUE_CHECKS=@@UNIQUE_CHECKS, UNIQUE_CHECKS=0 */;
/*!40014 SET @OLD_FOREIGN_KEY_CHECKS=@@FOREIGN_KEY_CHECKS, FOREIGN_KEY_CHECKS=0 */;
/*!40101 SET @OLD_SQL_MODE=@@SQL_MODE, SQL_MODE='NO_AUTO_VALUE_ON_ZERO' */;
/*!40111 SET @OLD_SQL_NOTES=@@SQL_NOTES, SQL_NOTES=0 */;

--
-- Table structure for table `_prisma_migrations`
--

DROP TABLE IF EXISTS `_prisma_migrations`;
/*!40101 SET @saved_cs_client     = @@character_set_client */;
/*!50503 SET character_set_client = utf8mb4 */;
CREATE TABLE `_prisma_migrations` (
  `id` varchar(36) COLLATE utf8mb4_unicode_ci NOT NULL,
  `checksum` varchar(64) COLLATE utf8mb4_unicode_ci NOT NULL,
  `finished_at` datetime(3) DEFAULT NULL,
  `migration_name` varchar(255) COLLATE utf8mb4_unicode_ci NOT NULL,
  `logs` text COLLATE utf8mb4_unicode_ci,
  `rolled_back_at` datetime(3) DEFAULT NULL,
  `started_at` datetime(3) NOT NULL DEFAULT CURRENT_TIMESTAMP(3),
  `applied_steps_count` int unsigned NOT NULL DEFAULT '0',
  PRIMARY KEY (`id`)
) ENGINE=InnoDB DEFAULT CHARSET=utf8mb4 COLLATE=utf8mb4_unicode_ci;
/*!40101 SET character_set_client = @saved_cs_client */;

--
-- Dumping data for table `_prisma_migrations`
--

LOCK TABLES `_prisma_migrations` WRITE;
/*!40000 ALTER TABLE `_prisma_migrations` DISABLE KEYS */;
INSERT INTO `_prisma_migrations` VALUES ('f9fcc537-1f41-429a-8b98-5b69d65175e6','1547e1bf36df479913b32d0ae50a521d33edbcc7a0250d22ab217d469dd3dfa9','2025-04-25 22:48:25.496','20250425224825_init',NULL,NULL,'2025-04-25 22:48:25.385',1);
/*!40000 ALTER TABLE `_prisma_migrations` ENABLE KEYS */;
UNLOCK TABLES;

--
-- Table structure for table `Cage`
--

DROP TABLE IF EXISTS `Cage`;
/*!40101 SET @saved_cs_client     = @@character_set_client */;
/*!50503 SET character_set_client = utf8mb4 */;
CREATE TABLE `Cage` (
  `cage_id` int NOT NULL AUTO_INCREMENT,
  `name` varchar(191) COLLATE utf8mb4_unicode_ci NOT NULL,
  `type` varchar(191) COLLATE utf8mb4_unicode_ci NOT NULL,
  `status` enum('OPEN','CLOSED') COLLATE utf8mb4_unicode_ci NOT NULL DEFAULT 'CLOSED',
  `terminal` varchar(191) COLLATE utf8mb4_unicode_ci DEFAULT NULL,
  `balance` decimal(65,30) NOT NULL DEFAULT '0.000000000000000000000000000000',
  `last_change` datetime(3) DEFAULT NULL,
  `changed_by` int DEFAULT NULL,
  `gaming_day_id` int DEFAULT NULL,
  `floor_id` int DEFAULT NULL,
  `chip_balance` decimal(65,30) NOT NULL DEFAULT '0.000000000000000000000000000000',
  `opening_balance` decimal(65,30) NOT NULL DEFAULT '0.000000000000000000000000000000',
  `opening_chip_balance` decimal(65,30) NOT NULL DEFAULT '0.000000000000000000000000000000',
  `online_balance` decimal(65,30) NOT NULL DEFAULT '0.000000000000000000000000000000',
  `tito_balance` decimal(65,30) NOT NULL DEFAULT '0.000000000000000000000000000000',
  `total_in` decimal(65,30) NOT NULL DEFAULT '0.000000000000000000000000000000',
  `total_out` decimal(65,30) NOT NULL DEFAULT '0.000000000000000000000000000000',
  `macaddress` varchar(191) COLLATE utf8mb4_unicode_ci DEFAULT NULL,
  PRIMARY KEY (`cage_id`),
  UNIQUE KEY `Cage_macaddress_key` (`macaddress`),
  KEY `Cage_gaming_day_id_idx` (`gaming_day_id`),
  KEY `Cage_changed_by_idx` (`changed_by`),
  KEY `Cage_floor_id_idx` (`floor_id`),
  CONSTRAINT `Cage_changed_by_fkey` FOREIGN KEY (`changed_by`) REFERENCES `User` (`user_id`) ON DELETE SET NULL ON UPDATE CASCADE,
  CONSTRAINT `Cage_floor_id_fkey` FOREIGN KEY (`floor_id`) REFERENCES `Floor` (`floor_id`) ON DELETE SET NULL ON UPDATE CASCADE,
  CONSTRAINT `Cage_gaming_day_id_fkey` FOREIGN KEY (`gaming_day_id`) REFERENCES `GamingDay` (`gaming_day_id`) ON DELETE SET NULL ON UPDATE CASCADE
) ENGINE=InnoDB AUTO_INCREMENT=11 DEFAULT CHARSET=utf8mb4 COLLATE=utf8mb4_unicode_ci;
/*!40101 SET character_set_client = @saved_cs_client */;

--
-- Dumping data for table `Cage`
--

LOCK TABLES `Cage` WRITE;
/*!40000 ALTER TABLE `Cage` DISABLE KEYS */;
INSERT INTO `Cage` VALUES (1,'Cage 1','Full','OPEN','Terminal-1',6100.000000000000000000000000000000,'2025-09-13 18:19:50.076',3,1,1,4500.000000000000000000000000000000,10000.000000000000000000000000000000,10000.000000000000000000000000000000,0.000000000000000000000000000000,0.000000000000000000000000000000,0.000000000000000000000000000000,0.000000000000000000000000000000,NULL),(2,'Cage 2','Automatic','OPEN','Terminal-2',5200.000000000000000000000000000000,'2025-06-22 02:47:15.000',10,1,2,2000.000000000000000000000000000000,10000.000000000000000000000000000000,10000.000000000000000000000000000000,0.000000000000000000000000000000,0.000000000000000000000000000000,0.000000000000000000000000000000,0.000000000000000000000000000000,NULL),(3,'Cage 3','Full','OPEN','Terminal-3',49000.000000000000000000000000000000,'2025-12-24 18:26:27.333',3,26,1,45000.000000000000000000000000000000,10000.000000000000000000000000000000,10000.000000000000000000000000000000,0.000000000000000000000000000000,5000.000000000000000000000000000000,0.000000000000000000000000000000,5000.000000000000000000000000000000,NULL),(4,'Cage 4','Automatic','OPEN','Terminal-4',5400.000000000000000000000000000000,'2025-06-22 02:47:15.000',7,1,2,7300.000000000000000000000000000000,10000.000000000000000000000000000000,10000.000000000000000000000000000000,0.000000000000000000000000000000,0.000000000000000000000000000000,0.000000000000000000000000000000,0.000000000000000000000000000000,NULL),(5,'Cage 5','Full','OPEN','Terminal-5',10000.000000000000000000000000000000,'2025-12-22 19:41:07.696',3,1,1,300.000000000000000000000000000000,10000.000000000000000000000000000000,10000.000000000000000000000000000000,5000.000000000000000000000000000000,0.000000000000000000000000000000,9500.000000000000000000000000000000,0.000000000000000000000000000000,NULL),(6,'Cage 6','Automatic','CLOSED','Terminal-6',5600.000000000000000000000000000000,'2025-06-22 02:47:15.000',1,1,2,7600.000000000000000000000000000000,10000.000000000000000000000000000000,10000.000000000000000000000000000000,0.000000000000000000000000000000,0.000000000000000000000000000000,0.000000000000000000000000000000,0.000000000000000000000000000000,NULL),(9,'Cage 7','FULL','CLOSED',NULL,0.000000000000000000000000000000,'2025-12-15 19:28:10.481',3,27,1,0.000000000000000000000000000000,0.000000000000000000000000000000,0.000000000000000000000000000000,0.000000000000000000000000000000,0.000000000000000000000000000000,0.000000000000000000000000000000,0.000000000000000000000000000000,NULL),(10,'CAGE_TEST','FULL','CLOSED',NULL,0.000000000000000000000000000000,NULL,NULL,NULL,3,0.000000000000000000000000000000,0.000000000000000000000000000000,0.000000000000000000000000000000,0.000000000000000000000000000000,0.000000000000000000000000000000,0.000000000000000000000000000000,0.000000000000000000000000000000,NULL);
/*!40000 ALTER TABLE `Cage` ENABLE KEYS */;
UNLOCK TABLES;

--
-- Table structure for table `CageChipDenomination`
--

DROP TABLE IF EXISTS `CageChipDenomination`;
/*!40101 SET @saved_cs_client     = @@character_set_client */;
/*!50503 SET character_set_client = utf8mb4 */;
CREATE TABLE `CageChipDenomination` (
  `id` int NOT NULL AUTO_INCREMENT,
  `cage_id` int NOT NULL,
  `gaming_day_id` int NOT NULL,
  `chip_denomination` decimal(65,30) NOT NULL,
  `chip_color` varchar(191) COLLATE utf8mb4_unicode_ci NOT NULL,
  `quantity` int NOT NULL,
  `total_value` decimal(65,30) NOT NULL,
  `recorded_at` datetime(3) NOT NULL DEFAULT CURRENT_TIMESTAMP(3),
  `chip_id` int NOT NULL DEFAULT '0',
  PRIMARY KEY (`id`),
  KEY `CageChipDenomination_cage_id_idx` (`cage_id`),
  KEY `CageChipDenomination_gaming_day_id_idx` (`gaming_day_id`),
  KEY `CageChipDenomination_chip_denomination_idx` (`chip_denomination`),
  CONSTRAINT `CageChipDenomination_cage_id_fkey` FOREIGN KEY (`cage_id`) REFERENCES `Cage` (`cage_id`) ON DELETE CASCADE ON UPDATE CASCADE,
  CONSTRAINT `CageChipDenomination_gaming_day_id_fkey` FOREIGN KEY (`gaming_day_id`) REFERENCES `GamingDay` (`gaming_day_id`) ON DELETE CASCADE ON UPDATE CASCADE
) ENGINE=InnoDB AUTO_INCREMENT=176 DEFAULT CHARSET=utf8mb4 COLLATE=utf8mb4_unicode_ci;
/*!40101 SET character_set_client = @saved_cs_client */;

--
-- Dumping data for table `CageChipDenomination`
--

LOCK TABLES `CageChipDenomination` WRITE;
/*!40000 ALTER TABLE `CageChipDenomination` DISABLE KEYS */;
INSERT INTO `CageChipDenomination` VALUES (138,3,26,10000.000000000000000000000000000000,'Orange',1,10000.000000000000000000000000000000,'2025-08-26 18:46:08.113',21),(156,9,27,10000.000000000000000000000000000000,'Orange',0,0.000000000000000000000000000000,'2025-12-15 19:28:10.795',21);
/*!40000 ALTER TABLE `CageChipDenomination` ENABLE KEYS */;
UNLOCK TABLES;

--
-- Table structure for table `CageSession`
--

DROP TABLE IF EXISTS `CageSession`;
/*!40101 SET @saved_cs_client     = @@character_set_client */;
/*!50503 SET character_set_client = utf8mb4 */;
CREATE TABLE `CageSession` (
  `session_id` int NOT NULL AUTO_INCREMENT,
  `cage_id` int NOT NULL,
  `terminal` varchar(191) COLLATE utf8mb4_unicode_ci DEFAULT NULL,
  `started_at` datetime(3) DEFAULT NULL,
  `ended_at` datetime(3) DEFAULT NULL,
  `opened_by` int DEFAULT NULL,
  `closed_by` int DEFAULT NULL,
  `transaction_count` int NOT NULL DEFAULT '0',
  `total_amount` decimal(65,30) NOT NULL DEFAULT '0.000000000000000000000000000000',
  `status` enum('OPEN','CLOSED','REOPENED') COLLATE utf8mb4_unicode_ci NOT NULL DEFAULT 'OPEN',
  `gaming_day_id` int NOT NULL DEFAULT '1',
  PRIMARY KEY (`session_id`),
  KEY `CageSession_cage_id_idx` (`cage_id`),
  KEY `CageSession_opened_by_idx` (`opened_by`),
  KEY `CageSession_closed_by_idx` (`closed_by`),
  KEY `CageSession_gaming_day_id_idx` (`gaming_day_id`),
  CONSTRAINT `CageSession_cage_id_fkey` FOREIGN KEY (`cage_id`) REFERENCES `Cage` (`cage_id`) ON DELETE RESTRICT ON UPDATE CASCADE,
  CONSTRAINT `CageSession_closed_by_fkey` FOREIGN KEY (`closed_by`) REFERENCES `User` (`user_id`) ON DELETE SET NULL ON UPDATE CASCADE,
  CONSTRAINT `CageSession_gaming_day_id_fkey` FOREIGN KEY (`gaming_day_id`) REFERENCES `GamingDay` (`gaming_day_id`) ON DELETE RESTRICT ON UPDATE CASCADE,
  CONSTRAINT `CageSession_opened_by_fkey` FOREIGN KEY (`opened_by`) REFERENCES `User` (`user_id`) ON DELETE SET NULL ON UPDATE CASCADE
) ENGINE=InnoDB AUTO_INCREMENT=50 DEFAULT CHARSET=utf8mb4 COLLATE=utf8mb4_unicode_ci;
/*!40101 SET character_set_client = @saved_cs_client */;

--
-- Dumping data for table `CageSession`
--

LOCK TABLES `CageSession` WRITE;
/*!40000 ALTER TABLE `CageSession` DISABLE KEYS */;
INSERT INTO `CageSession` VALUES (1,1,'Terminal-1','2025-06-16 00:00:00.000','2025-06-16 23:59:59.000',1,2,12,5400.000000000000000000000000000000,'CLOSED',1),(2,1,'Terminal-1','2025-06-17 00:00:00.000','2025-06-17 23:59:59.000',1,2,15,7125.000000000000000000000000000000,'CLOSED',1),(3,1,'Terminal-1','2025-06-18 00:00:00.000','2025-06-18 23:59:59.000',1,2,14,6430.000000000000000000000000000000,'CLOSED',1),(4,1,'Terminal-1','2025-06-19 00:00:00.000','2025-06-19 23:59:59.000',1,2,13,5900.000000000000000000000000000000,'CLOSED',1),(5,1,'Terminal-1','2025-06-20 00:00:00.000','2025-06-20 23:59:59.000',1,2,11,4810.000000000000000000000000000000,'CLOSED',1),(6,1,'Terminal-1','2025-06-21 00:00:00.000','2025-06-21 23:59:59.000',1,2,17,7770.000000000000000000000000000000,'CLOSED',1),(7,1,'Terminal-1','2025-06-22 00:00:00.000','2025-06-22 23:59:59.000',1,2,15,7095.000000000000000000000000000000,'CLOSED',1),(8,2,'Terminal-2','2025-06-17 00:00:00.000','2025-06-17 23:59:59.000',1,2,10,4980.000000000000000000000000000000,'CLOSED',1),(9,2,'Terminal-2','2025-06-18 00:00:00.000','2025-06-18 23:59:59.000',1,2,12,5300.000000000000000000000000000000,'CLOSED',1),(10,2,'Terminal-2','2025-06-19 00:00:00.000','2025-06-19 23:59:59.000',1,2,11,4620.000000000000000000000000000000,'CLOSED',1),(11,2,'Terminal-2','2025-06-20 00:00:00.000','2025-06-20 23:59:59.000',1,2,15,7885.000000000000000000000000000000,'CLOSED',1),(12,2,'Terminal-2','2025-06-21 00:00:00.000','2025-06-21 23:59:59.000',1,2,14,6840.000000000000000000000000000000,'CLOSED',1),(13,2,'Terminal-2','2025-06-22 00:00:00.000','2025-06-22 23:59:59.000',1,2,13,6560.000000000000000000000000000000,'CLOSED',1),(14,3,'Terminal-3','2025-06-18 00:00:00.000','2025-06-18 23:59:59.000',1,2,10,4520.000000000000000000000000000000,'CLOSED',1),(15,3,'Terminal-3','2025-06-19 00:00:00.000','2025-06-19 23:59:59.000',1,2,11,5010.000000000000000000000000000000,'CLOSED',1),(16,3,'Terminal-3','2025-06-20 00:00:00.000','2025-06-20 23:59:59.000',1,2,13,6030.000000000000000000000000000000,'CLOSED',1),(17,3,'Terminal-3','2025-06-21 00:00:00.000','2025-06-21 23:59:59.000',1,2,14,6610.000000000000000000000000000000,'CLOSED',1),(18,3,'Terminal-3','2025-06-22 00:00:00.000','2025-06-22 23:59:59.000',1,2,12,5420.000000000000000000000000000000,'CLOSED',1),(19,4,'Terminal-4','2025-06-17 00:00:00.000','2025-06-17 23:59:59.000',1,2,11,4900.000000000000000000000000000000,'CLOSED',1),(20,4,'Terminal-4','2025-06-18 00:00:00.000','2025-06-18 23:59:59.000',1,2,12,5450.000000000000000000000000000000,'CLOSED',1),(21,4,'Terminal-4','2025-06-19 00:00:00.000','2025-06-19 23:59:59.000',1,2,10,4720.000000000000000000000000000000,'CLOSED',1),(22,4,'Terminal-4','2025-06-20 00:00:00.000','2025-06-20 23:59:59.000',1,2,14,6540.000000000000000000000000000000,'CLOSED',1),(23,4,'Terminal-4','2025-06-21 00:00:00.000','2025-06-21 23:59:59.000',1,2,15,7180.000000000000000000000000000000,'CLOSED',1),(24,4,'Terminal-4','2025-06-22 00:00:00.000','2025-06-22 23:59:59.000',1,2,13,6095.000000000000000000000000000000,'CLOSED',1),(25,5,'Terminal-5','2025-06-15 00:00:00.000','2025-06-15 23:59:59.000',1,2,12,5375.000000000000000000000000000000,'CLOSED',1),(26,5,'Terminal-5','2025-06-16 00:00:00.000','2025-06-16 23:59:59.000',1,2,13,5740.000000000000000000000000000000,'CLOSED',1),(27,5,'Terminal-5','2025-06-17 00:00:00.000','2025-06-17 23:59:59.000',1,2,11,4980.000000000000000000000000000000,'CLOSED',1),(28,5,'Terminal-5','2025-06-18 00:00:00.000','2025-06-18 23:59:59.000',1,2,15,7480.000000000000000000000000000000,'CLOSED',1),(29,5,'Terminal-5','2025-06-19 00:00:00.000','2025-06-19 23:59:59.000',1,2,10,4560.000000000000000000000000000000,'CLOSED',1),(30,5,'Terminal-5','2025-06-20 00:00:00.000','2025-06-20 23:59:59.000',1,2,14,6820.000000000000000000000000000000,'CLOSED',1),(31,5,'Terminal-5','2025-06-21 00:00:00.000','2025-06-21 23:59:59.000',1,2,16,7930.000000000000000000000000000000,'CLOSED',1),(32,5,'Terminal-5','2025-06-22 00:00:00.000','2025-06-22 23:59:59.000',1,2,13,6055.000000000000000000000000000000,'CLOSED',1),(33,6,'Terminal-6','2025-06-18 00:00:00.000','2025-06-18 23:59:59.000',1,2,12,5320.000000000000000000000000000000,'CLOSED',1),(34,6,'Terminal-6','2025-06-19 00:00:00.000','2025-06-19 23:59:59.000',1,2,11,4840.000000000000000000000000000000,'CLOSED',1),(35,6,'Terminal-6','2025-06-20 00:00:00.000','2025-06-20 23:59:59.000',1,2,10,4590.000000000000000000000000000000,'CLOSED',1),(36,6,'Terminal-6','2025-06-21 00:00:00.000','2025-06-21 23:59:59.000',1,2,14,6895.000000000000000000000000000000,'CLOSED',1),(37,6,'Terminal-6','2025-06-22 00:00:00.000','2025-06-22 23:59:59.000',1,2,13,6030.000000000000000000000000000000,'CLOSED',1),(48,3,NULL,'2025-08-24 12:53:26.638',NULL,3,NULL,0,100000.000000000000000000000000000000,'OPEN',26),(49,9,NULL,'2025-11-03 21:35:45.991','2025-12-15 19:28:10.481',3,3,0,20000.000000000000000000000000000000,'CLOSED',27);
/*!40000 ALTER TABLE `CageSession` ENABLE KEYS */;
UNLOCK TABLES;

--
-- Table structure for table `CageTransaction`
--

DROP TABLE IF EXISTS `CageTransaction`;
/*!40101 SET @saved_cs_client     = @@character_set_client */;
/*!50503 SET character_set_client = utf8mb4 */;
CREATE TABLE `CageTransaction` (
  `transaction_id` int NOT NULL AUTO_INCREMENT,
  `cage_id` int NOT NULL,
  `player_id` int DEFAULT NULL,
  `amount` decimal(65,30) NOT NULL,
  `transaction_type` enum('HANDPAY','JACKPOT','TICKET_SALE','TICKET_REDEEM','EXPIRED_TICKET','UNREADABLE_TICKET','MONEY_DEBIT','MONEY_CREDIT','FILL','CREDIT','VAULT_MONEY_FILL','VAULT_MONEY_CREDIT','CAGE_OPEN','CHIP_FILL','CHIP_CREDIT','TITO_PURCHASE','TITO_REDEEM','CHIP_PURCHASE','CHIP_REDEEM') COLLATE utf8mb4_unicode_ci NOT NULL,
  `payment_method` enum('Cash','Chips','UPI','Credit_Debit_Card','TITO','VAULT_TRANSFER') COLLATE utf8mb4_unicode_ci NOT NULL,
  `is_manual` tinyint(1) NOT NULL DEFAULT '0',
  `requires_verification` tinyint(1) NOT NULL DEFAULT '0',
  `verified_by` int DEFAULT NULL,
  `performed_by` int NOT NULL,
  `session_start` datetime(3) DEFAULT NULL,
  `session_end` datetime(3) DEFAULT NULL,
  `timestamp` datetime(3) NOT NULL DEFAULT CURRENT_TIMESTAMP(3),
  `notes` varchar(191) COLLATE utf8mb4_unicode_ci DEFAULT NULL,
  `session_id` int DEFAULT NULL,
  `gaming_day_id` int DEFAULT NULL,
  PRIMARY KEY (`transaction_id`),
  KEY `CageTransaction_cage_id_idx` (`cage_id`),
  KEY `CageTransaction_player_id_idx` (`player_id`),
  KEY `CageTransaction_verified_by_idx` (`verified_by`),
  KEY `CageTransaction_performed_by_idx` (`performed_by`),
  KEY `CageTransaction_session_id_fkey` (`session_id`),
  KEY `CageTransaction_gaming_day_id_idx` (`gaming_day_id`),
  CONSTRAINT `CageTransaction_cage_id_fkey` FOREIGN KEY (`cage_id`) REFERENCES `Cage` (`cage_id`) ON DELETE RESTRICT ON UPDATE CASCADE,
  CONSTRAINT `CageTransaction_gaming_day_id_fkey` FOREIGN KEY (`gaming_day_id`) REFERENCES `GamingDay` (`gaming_day_id`) ON DELETE SET NULL ON UPDATE CASCADE,
  CONSTRAINT `CageTransaction_performed_by_fkey` FOREIGN KEY (`performed_by`) REFERENCES `User` (`user_id`) ON DELETE RESTRICT ON UPDATE CASCADE,
  CONSTRAINT `CageTransaction_player_id_fkey` FOREIGN KEY (`player_id`) REFERENCES `User` (`user_id`) ON DELETE SET NULL ON UPDATE CASCADE,
  CONSTRAINT `CageTransaction_session_id_fkey` FOREIGN KEY (`session_id`) REFERENCES `CageSession` (`session_id`) ON DELETE SET NULL ON UPDATE CASCADE,
  CONSTRAINT `CageTransaction_verified_by_fkey` FOREIGN KEY (`verified_by`) REFERENCES `User` (`user_id`) ON DELETE SET NULL ON UPDATE CASCADE
) ENGINE=InnoDB AUTO_INCREMENT=177 DEFAULT CHARSET=utf8mb4 COLLATE=utf8mb4_unicode_ci;
/*!40101 SET character_set_client = @saved_cs_client */;

--
-- Dumping data for table `CageTransaction`
--

LOCK TABLES `CageTransaction` WRITE;
/*!40000 ALTER TABLE `CageTransaction` DISABLE KEYS */;
INSERT INTO `CageTransaction` VALUES (1,1,3,300.000000000000000000000000000000,'HANDPAY','Cash',1,1,4,1,'2025-06-22 02:17:33.000',NULL,'2025-06-22 02:47:33.000','Txn 1 for Cage 1',NULL,1),(2,1,2,800.000000000000000000000000000000,'FILL','Chips',0,0,2,1,'2025-06-22 02:47:33.000',NULL,'2025-06-22 02:47:33.000','Txn 2 for Cage 1',NULL,1),(3,1,3,450.000000000000000000000000000000,'TICKET_REDEEM','Cash',0,0,5,1,'2025-06-22 02:47:33.000',NULL,'2025-06-22 02:47:33.000','Txn 3 for Cage 1',NULL,1),(4,1,8,1200.000000000000000000000000000000,'MONEY_DEBIT','Cash',1,1,4,1,'2025-06-22 02:47:33.000',NULL,'2025-06-22 02:47:33.000','Txn 4 for Cage 1',NULL,1),(5,1,3,600.000000000000000000000000000000,'JACKPOT','Chips',0,1,4,1,'2025-06-22 02:47:33.000',NULL,'2025-06-22 02:47:33.000','Txn 5 for Cage 1',NULL,1),(6,1,2,300.000000000000000000000000000000,'CREDIT','Chips',0,0,7,1,'2025-06-22 02:47:33.000',NULL,'2025-06-22 02:47:33.000','Txn 6 for Cage 1',NULL,1),(7,1,3,1000.000000000000000000000000000000,'TICKET_SALE','Cash',0,0,8,1,'2025-06-22 02:47:33.000',NULL,'2025-06-22 02:47:33.000','Txn 7 for Cage 1',NULL,1),(8,1,7,650.000000000000000000000000000000,'MONEY_CREDIT','Cash',1,0,2,1,'2025-06-22 02:47:33.000',NULL,'2025-06-22 02:47:33.000','Txn 8 for Cage 1',NULL,1),(9,1,3,220.000000000000000000000000000000,'EXPIRED_TICKET','Cash',0,1,4,1,'2025-06-22 02:47:33.000',NULL,'2025-06-22 02:47:33.000','Txn 9 for Cage 1',NULL,1),(10,1,3,150.000000000000000000000000000000,'UNREADABLE_TICKET','Cash',1,1,4,1,'2025-06-22 02:47:33.000',NULL,'2025-06-22 02:47:33.000','Txn 10 for Cage 1',NULL,1),(11,1,9,300.000000000000000000000000000000,'FILL','Chips',0,0,3,1,'2025-06-22 02:47:33.000',NULL,'2025-06-22 02:47:33.000','Txn 11 for Cage 1',NULL,1),(12,1,3,200.000000000000000000000000000000,'HANDPAY','Cash',1,1,4,1,'2025-06-22 02:47:33.000',NULL,'2025-06-22 02:47:33.000','Txn 12 for Cage 1',NULL,1),(13,1,3,950.000000000000000000000000000000,'MONEY_DEBIT','Cash',0,0,10,1,'2025-06-22 02:47:33.000',NULL,'2025-06-22 02:47:33.000','Txn 13 for Cage 1',NULL,1),(14,1,3,500.000000000000000000000000000000,'TICKET_REDEEM','Chips',0,0,2,1,'2025-06-22 02:47:33.000',NULL,'2025-06-22 02:47:33.000','Txn 14 for Cage 1',NULL,1),(15,1,3,750.000000000000000000000000000000,'JACKPOT','Cash',1,1,4,1,'2025-06-22 02:47:33.000',NULL,'2025-06-22 02:47:33.000','Txn 15 for Cage 1',NULL,1),(16,2,3,400.000000000000000000000000000000,'HANDPAY','Cash',1,1,4,1,'2025-06-22 01:18:31.000',NULL,'2025-06-22 02:48:31.000','Txn 1 for Cage 2',NULL,1),(17,2,7,850.000000000000000000000000000000,'FILL','Chips',0,0,7,1,'2025-06-22 02:48:31.000',NULL,'2025-06-22 02:48:31.000','Txn 2 for Cage 2',NULL,1),(18,2,3,500.000000000000000000000000000000,'TICKET_REDEEM','Cash',0,0,1,1,'2025-06-22 02:48:31.000',NULL,'2025-06-22 02:48:31.000','Txn 3 for Cage 2',NULL,1),(19,2,7,1250.000000000000000000000000000000,'MONEY_DEBIT','Cash',1,1,4,1,'2025-06-22 02:48:31.000',NULL,'2025-06-22 02:48:31.000','Txn 4 for Cage 2',NULL,1),(20,2,3,800.000000000000000000000000000000,'CREDIT','Cash',0,0,1,1,'2025-06-22 02:48:31.000',NULL,'2025-06-22 02:48:31.000','Txn 5 for Cage 2',NULL,1),(21,2,3,700.000000000000000000000000000000,'TICKET_SALE','Chips',0,0,3,1,'2025-06-22 02:48:31.000',NULL,'2025-06-22 02:48:31.000','Txn 6 for Cage 2',NULL,1),(22,2,2,900.000000000000000000000000000000,'MONEY_CREDIT','Cash',1,0,3,1,'2025-06-22 02:48:31.000',NULL,'2025-06-22 02:48:31.000','Txn 7 for Cage 2',NULL,1),(23,2,3,250.000000000000000000000000000000,'EXPIRED_TICKET','Cash',0,1,4,1,'2025-06-22 02:48:31.000',NULL,'2025-06-22 02:48:31.000','Txn 8 for Cage 2',NULL,1),(24,2,3,130.000000000000000000000000000000,'UNREADABLE_TICKET','Cash',1,1,4,1,'2025-06-22 02:48:31.000',NULL,'2025-06-22 02:48:31.000','Txn 9 for Cage 2',NULL,1),(25,2,3,300.000000000000000000000000000000,'JACKPOT','Chips',0,1,4,1,'2025-06-22 02:48:31.000',NULL,'2025-06-22 02:48:31.000','Txn 10 for Cage 2',NULL,2),(26,3,1,1000.000000000000000000000000000000,'MONEY_CREDIT','Cash',0,0,5,1,'2025-06-22 02:48:39.000',NULL,'2025-06-22 02:48:39.000','Txn 1 for Cage 3',NULL,2),(27,3,3,200.000000000000000000000000000000,'TICKET_REDEEM','Cash',1,1,4,1,'2025-06-22 02:48:39.000',NULL,'2025-06-22 02:48:39.000','Txn 2 for Cage 3',NULL,2),(28,3,10,1500.000000000000000000000000000000,'FILL','Chips',0,0,4,1,'2025-06-22 02:48:39.000',NULL,'2025-06-22 02:48:39.000','Txn 3 for Cage 3',NULL,2),(29,3,3,600.000000000000000000000000000000,'HANDPAY','Cash',1,1,4,1,'2025-06-22 02:48:39.000',NULL,'2025-06-22 02:48:39.000','Txn 4 for Cage 3',NULL,2),(30,3,5,700.000000000000000000000000000000,'CREDIT','Cash',0,0,6,1,'2025-06-22 02:48:39.000',NULL,'2025-06-22 02:48:39.000','Txn 5 for Cage 3',NULL,2),(31,3,3,300.000000000000000000000000000000,'EXPIRED_TICKET','Cash',0,1,4,1,'2025-06-22 02:48:39.000',NULL,'2025-06-22 02:48:39.000','Txn 6 for Cage 3',NULL,2),(32,3,3,270.000000000000000000000000000000,'UNREADABLE_TICKET','Cash',1,1,4,1,'2025-06-22 02:48:39.000',NULL,'2025-06-22 02:48:39.000','Txn 7 for Cage 3',NULL,2),(33,3,5,450.000000000000000000000000000000,'MONEY_DEBIT','Cash',1,0,6,1,'2025-06-22 02:48:39.000',NULL,'2025-06-22 02:48:39.000','Txn 8 for Cage 3',NULL,2),(34,3,3,550.000000000000000000000000000000,'JACKPOT','Chips',1,1,4,1,'2025-06-22 02:48:39.000',NULL,'2025-06-22 02:48:39.000','Txn 9 for Cage 3',NULL,2),(35,3,1,650.000000000000000000000000000000,'TICKET_SALE','Chips',0,0,4,1,'2025-06-22 02:48:39.000',NULL,'2025-06-22 02:48:39.000','Txn 10 for Cage 3',NULL,2),(36,3,3,880.000000000000000000000000000000,'HANDPAY','Cash',0,0,9,1,'2025-06-22 02:48:39.000',NULL,'2025-06-22 02:48:39.000','Txn 11 for Cage 3',NULL,2),(37,3,10,300.000000000000000000000000000000,'MONEY_CREDIT','Cash',1,0,2,1,'2025-06-22 02:48:39.000',NULL,'2025-06-22 02:48:39.000','Txn 12 for Cage 3',NULL,2),(38,4,4,1200.000000000000000000000000000000,'FILL','Chips',0,0,5,1,'2025-06-22 02:48:49.000',NULL,'2025-06-22 02:48:49.000','Txn 1 for Cage 4',NULL,2),(39,4,3,400.000000000000000000000000000000,'HANDPAY','Cash',1,1,4,1,'2025-06-22 02:48:49.000',NULL,'2025-06-22 02:48:49.000','Txn 2 for Cage 4',NULL,2),(40,4,9,600.000000000000000000000000000000,'MONEY_DEBIT','Cash',0,0,10,1,'2025-06-22 02:48:49.000',NULL,'2025-06-22 02:48:49.000','Txn 3 for Cage 4',NULL,2),(41,4,3,500.000000000000000000000000000000,'TICKET_REDEEM','Cash',0,0,1,1,'2025-06-22 02:48:49.000',NULL,'2025-06-22 02:48:49.000','Txn 4 for Cage 4',NULL,2),(42,4,3,150.000000000000000000000000000000,'EXPIRED_TICKET','Cash',1,1,4,1,'2025-06-22 02:48:49.000',NULL,'2025-06-22 02:48:49.000','Txn 5 for Cage 4',NULL,2),(43,4,3,320.000000000000000000000000000000,'UNREADABLE_TICKET','Cash',1,1,4,1,'2025-06-22 02:48:49.000',NULL,'2025-06-22 02:48:49.000','Txn 6 for Cage 4',NULL,2),(44,4,3,450.000000000000000000000000000000,'TICKET_SALE','Chips',0,0,4,1,'2025-06-22 02:48:49.000',NULL,'2025-06-22 02:48:49.000','Txn 7 for Cage 4',NULL,2),(45,4,4,300.000000000000000000000000000000,'CREDIT','Cash',0,0,7,1,'2025-06-22 02:48:49.000',NULL,'2025-06-22 02:48:49.000','Txn 8 for Cage 4',NULL,2),(46,4,3,750.000000000000000000000000000000,'MONEY_CREDIT','Cash',1,0,2,1,'2025-06-22 02:48:49.000',NULL,'2025-06-22 02:48:49.000','Txn 9 for Cage 4',NULL,2),(47,4,3,280.000000000000000000000000000000,'JACKPOT','Chips',1,1,4,1,'2025-06-22 02:48:49.000',NULL,'2025-06-22 02:48:49.000','Txn 10 for Cage 4',NULL,2),(48,4,3,500.000000000000000000000000000000,'HANDPAY','Cash',0,1,4,1,'2025-06-22 02:48:49.000',NULL,'2025-06-22 02:48:49.000','Txn 11 for Cage 4',NULL,2),(49,4,1,1100.000000000000000000000000000000,'FILL','Chips',0,0,9,1,'2025-06-22 02:48:49.000',NULL,'2025-06-22 02:48:49.000','Txn 12 for Cage 4',NULL,2),(50,4,3,360.000000000000000000000000000000,'TICKET_REDEEM','Chips',0,0,7,1,'2025-06-22 02:48:49.000',NULL,'2025-06-22 02:48:49.000','Txn 13 for Cage 4',NULL,3),(51,4,3,600.000000000000000000000000000000,'JACKPOT','Cash',1,1,4,1,'2025-06-22 02:48:49.000',NULL,'2025-06-22 02:48:49.000','Txn 14 for Cage 4',NULL,3),(52,5,3,350.000000000000000000000000000000,'HANDPAY','Cash',1,1,4,1,'2025-06-22 02:48:57.000',NULL,'2025-06-22 02:48:57.000','Txn 1 for Cage 5',NULL,3),(53,5,8,900.000000000000000000000000000000,'FILL','Chips',0,0,8,1,'2025-06-22 02:48:57.000',NULL,'2025-06-22 02:48:57.000','Txn 2 for Cage 5',NULL,3),(54,5,3,500.000000000000000000000000000000,'TICKET_REDEEM','Cash',0,0,9,1,'2025-06-22 02:48:57.000',NULL,'2025-06-22 02:48:57.000','Txn 3 for Cage 5',NULL,3),(55,5,5,1300.000000000000000000000000000000,'MONEY_DEBIT','Cash',1,1,4,1,'2025-06-22 02:48:57.000',NULL,'2025-06-22 02:48:57.000','Txn 4 for Cage 5',NULL,3),(56,5,3,600.000000000000000000000000000000,'JACKPOT','Chips',0,1,4,1,'2025-06-22 02:48:57.000',NULL,'2025-06-22 02:48:57.000','Txn 5 for Cage 5',NULL,3),(57,5,9,400.000000000000000000000000000000,'CREDIT','Chips',0,0,10,1,'2025-06-22 02:48:57.000',NULL,'2025-06-22 02:48:57.000','Txn 6 for Cage 5',NULL,3),(58,5,3,1050.000000000000000000000000000000,'TICKET_SALE','Cash',0,0,1,1,'2025-06-22 02:48:57.000',NULL,'2025-06-22 02:48:57.000','Txn 7 for Cage 5',NULL,3),(59,5,10,700.000000000000000000000000000000,'MONEY_CREDIT','Cash',1,0,5,1,'2025-06-22 02:48:57.000',NULL,'2025-06-22 02:48:57.000','Txn 8 for Cage 5',NULL,3),(60,5,3,220.000000000000000000000000000000,'EXPIRED_TICKET','Cash',0,1,4,1,'2025-06-22 02:48:57.000',NULL,'2025-06-22 02:48:57.000','Txn 9 for Cage 5',NULL,3),(61,5,3,150.000000000000000000000000000000,'UNREADABLE_TICKET','Cash',1,1,4,1,'2025-06-22 02:48:57.000',NULL,'2025-06-22 02:48:57.000','Txn 10 for Cage 5',NULL,3),(62,5,3,350.000000000000000000000000000000,'FILL','Chips',0,0,3,1,'2025-06-22 02:48:57.000',NULL,'2025-06-22 02:48:57.000','Txn 11 for Cage 5',NULL,3),(63,5,3,200.000000000000000000000000000000,'HANDPAY','Cash',1,1,4,1,'2025-06-22 02:48:57.000',NULL,'2025-06-22 02:48:57.000','Txn 12 for Cage 5',NULL,3),(64,5,5,950.000000000000000000000000000000,'MONEY_DEBIT','Cash',0,0,8,1,'2025-06-22 02:48:57.000',NULL,'2025-06-22 02:48:57.000','Txn 13 for Cage 5',NULL,3),(65,5,3,500.000000000000000000000000000000,'TICKET_REDEEM','Chips',0,0,1,1,'2025-06-22 02:48:57.000',NULL,'2025-06-22 02:48:57.000','Txn 14 for Cage 5',NULL,3),(66,5,3,750.000000000000000000000000000000,'JACKPOT','Cash',1,1,4,1,'2025-06-22 02:48:57.000',NULL,'2025-06-22 02:48:57.000','Txn 15 for Cage 5',NULL,3),(67,6,5,600.000000000000000000000000000000,'MONEY_CREDIT','Cash',0,0,2,1,'2025-06-22 02:49:04.000',NULL,'2025-06-22 02:49:04.000','Txn 1 for Cage 6',NULL,3),(68,6,3,220.000000000000000000000000000000,'TICKET_REDEEM','Cash',1,1,4,1,'2025-06-22 02:49:04.000',NULL,'2025-06-22 02:49:04.000','Txn 2 for Cage 6',NULL,3),(69,6,8,1400.000000000000000000000000000000,'FILL','Chips',0,0,4,1,'2025-06-22 02:49:04.000',NULL,'2025-06-22 02:49:04.000','Txn 3 for Cage 6',NULL,3),(70,6,3,600.000000000000000000000000000000,'HANDPAY','Cash',1,1,4,1,'2025-06-22 02:49:04.000',NULL,'2025-06-22 02:49:04.000','Txn 4 for Cage 6',NULL,3),(71,6,6,700.000000000000000000000000000000,'CREDIT','Cash',0,0,5,1,'2025-06-22 02:49:04.000',NULL,'2025-06-22 02:49:04.000','Txn 5 for Cage 6',NULL,3),(72,6,3,300.000000000000000000000000000000,'EXPIRED_TICKET','Cash',0,1,4,1,'2025-06-22 02:49:04.000',NULL,'2025-06-22 02:49:04.000','Txn 6 for Cage 6',NULL,3),(73,6,3,270.000000000000000000000000000000,'UNREADABLE_TICKET','Cash',1,1,4,1,'2025-06-22 02:49:04.000',NULL,'2025-06-22 02:49:04.000','Txn 7 for Cage 6',NULL,3),(74,6,5,450.000000000000000000000000000000,'MONEY_DEBIT','Cash',1,0,2,1,'2025-06-22 02:49:04.000',NULL,'2025-06-22 02:49:04.000','Txn 8 for Cage 6',NULL,3),(75,6,3,550.000000000000000000000000000000,'JACKPOT','Chips',1,1,4,1,'2025-06-22 02:49:04.000',NULL,'2025-06-22 02:49:04.000','Txn 9 for Cage 6',NULL,3),(76,6,5,650.000000000000000000000000000000,'TICKET_SALE','Chips',0,0,4,1,'2025-06-22 02:49:04.000',NULL,'2025-06-22 02:49:04.000','Txn 10 for Cage 6',NULL,3),(77,6,3,880.000000000000000000000000000000,'HANDPAY','Cash',0,0,3,1,'2025-06-22 02:49:04.000',NULL,'2025-06-22 02:49:04.000','Txn 11 for Cage 6',NULL,3),(78,6,2,300.000000000000000000000000000000,'MONEY_CREDIT','Cash',1,0,3,1,'2025-06-22 02:49:04.000',NULL,'2025-06-22 02:49:04.000','Txn 12 for Cage 6',NULL,3),(79,6,3,500.000000000000000000000000000000,'TICKET_REDEEM','Cash',0,0,4,1,'2025-06-22 02:49:04.000',NULL,'2025-06-22 02:49:04.000','Txn 13 for Cage 6',NULL,3),(80,6,3,720.000000000000000000000000000000,'JACKPOT','Cash',1,1,4,1,'2025-06-22 02:49:04.000',NULL,'2025-06-22 02:49:04.000','Txn 14 for Cage 6',NULL,1),(91,3,NULL,50000.000000000000000000000000000000,'CAGE_OPEN','Cash',0,0,NULL,3,NULL,NULL,'2025-08-24 12:53:26.638','Cage Opening Balance - Cash Entry',NULL,26),(92,3,NULL,50000.000000000000000000000000000000,'CAGE_OPEN','Chips',0,0,NULL,3,NULL,NULL,'2025-08-24 12:53:26.638','Cage Opening Balance - Chips Entry',NULL,26),(93,3,6,10000.000000000000000000000000000000,'CHIP_REDEEM','Chips',0,0,NULL,3,NULL,NULL,'2025-08-24 17:59:00.368','Player 6 redeemed Chips worth 10000',NULL,26),(94,3,6,10000.000000000000000000000000000000,'CHIP_REDEEM','Chips',0,0,NULL,3,NULL,NULL,'2025-08-24 19:07:36.533','Player 6 redeemed Chips worth 10000',NULL,26),(95,3,6,10000.000000000000000000000000000000,'CHIP_REDEEM','Chips',0,0,NULL,3,NULL,NULL,'2025-08-24 19:11:59.321','Player 6 redeemed Chips worth 10000',NULL,26),(96,3,6,10000.000000000000000000000000000000,'CHIP_REDEEM','Chips',0,0,NULL,3,NULL,NULL,'2025-08-24 19:12:17.439','Player 6 redeemed Chips worth 10000',NULL,26),(97,3,6,10000.000000000000000000000000000000,'CHIP_REDEEM','Chips',0,0,NULL,3,NULL,NULL,'2025-08-24 19:13:54.721','Player 6 redeemed Chips worth 10000',NULL,26),(98,1,6,10000.000000000000000000000000000000,'CHIP_REDEEM','Chips',0,0,NULL,3,NULL,NULL,'2025-08-24 19:16:04.783','Player 6 redeemed Chips worth 10000',NULL,1),(99,3,6,10000.000000000000000000000000000000,'CHIP_REDEEM','Chips',0,0,NULL,3,NULL,NULL,'2025-08-24 19:37:36.631','Player 6 redeemed Chips worth 10000',NULL,26),(100,3,6,10000.000000000000000000000000000000,'CHIP_REDEEM','Chips',0,0,NULL,3,NULL,NULL,'2025-08-24 19:44:25.272','Player 6 redeemed Chips worth 10000',NULL,26),(101,3,6,10000.000000000000000000000000000000,'CHIP_PURCHASE','Cash',0,0,NULL,3,NULL,NULL,'2025-08-24 19:44:51.559','Player 6 bought Chips worth 10000',NULL,26),(102,3,6,0.000000000000000000000000000000,'MONEY_CREDIT','Cash',0,0,NULL,3,NULL,NULL,'2025-08-24 20:39:44.327','Player 6 bought Chips worth 9500',NULL,26),(103,3,6,0.000000000000000000000000000000,'MONEY_CREDIT','Cash',0,0,NULL,3,NULL,NULL,'2025-08-24 20:40:46.694','Player 6 bought Chips worth 9501',NULL,26),(104,3,6,0.000000000000000000000000000000,'MONEY_CREDIT','Cash',0,0,NULL,3,NULL,NULL,'2025-08-24 20:41:46.806','Player 6 bought Chips worth 9500',NULL,26),(105,3,6,0.000000000000000000000000000000,'MONEY_CREDIT','Cash',0,0,NULL,3,NULL,NULL,'2025-08-24 20:42:26.929','Player 6 bought Chips worth 9500',NULL,26),(106,3,6,0.000000000000000000000000000000,'MONEY_CREDIT','Cash',0,0,NULL,3,NULL,NULL,'2025-08-24 20:43:42.988','Player 6 bought Chips worth 9500',NULL,26),(107,3,6,0.000000000000000000000000000000,'MONEY_CREDIT','Cash',0,0,NULL,3,NULL,NULL,'2025-08-24 20:45:39.983','Player 6 bought Chips worth 100',NULL,26),(108,3,6,0.000000000000000000000000000000,'MONEY_CREDIT','Cash',0,0,NULL,3,NULL,NULL,'2025-08-24 20:46:38.057','Player 6 bought Chips worth 100',NULL,26),(109,3,6,0.000000000000000000000000000000,'MONEY_CREDIT','Cash',0,0,NULL,3,NULL,NULL,'2025-08-24 20:48:16.013','Player 6 bought Chips worth 100',NULL,26),(110,3,6,0.000000000000000000000000000000,'MONEY_CREDIT','Cash',0,0,NULL,3,NULL,NULL,'2025-08-24 20:51:38.823','Player 6 bought Chips worth 100',NULL,26),(111,3,6,0.000000000000000000000000000000,'MONEY_CREDIT','Cash',0,0,NULL,3,NULL,NULL,'2025-08-24 20:54:34.409','Player 6 bought Chips worth 100',NULL,26),(112,3,6,0.000000000000000000000000000000,'MONEY_CREDIT','Cash',0,0,NULL,3,NULL,NULL,'2025-08-24 20:56:32.340','Player 6 bought Chips worth 100',NULL,26),(113,3,6,0.000000000000000000000000000000,'MONEY_CREDIT','Cash',0,0,NULL,3,NULL,NULL,'2025-08-24 20:56:43.668','Player 6 bought Chips worth 200',NULL,26),(114,3,6,19500.000000000000000000000000000000,'CHIP_REDEEM','Chips',0,0,NULL,3,NULL,NULL,'2025-08-24 21:14:34.265','Player 6 redeemed Chips worth 19500',NULL,26),(115,3,6,20000.000000000000000000000000000000,'CHIP_REDEEM','Chips',0,0,NULL,3,NULL,NULL,'2025-08-24 21:21:07.828','Player 6 redeemed Chips worth 20000',NULL,26),(116,3,6,10000.000000000000000000000000000000,'CHIP_REDEEM','Chips',0,0,NULL,3,NULL,NULL,'2025-08-24 21:22:14.773','Player 6 redeemed Chips worth 10000',NULL,26),(117,3,6,10000.000000000000000000000000000000,'CHIP_REDEEM','Chips',0,0,NULL,3,NULL,NULL,'2025-08-24 21:29:43.980','Player 6 redeemed Chips worth 10000',NULL,26),(118,3,6,10000.000000000000000000000000000000,'CHIP_REDEEM','Chips',0,0,NULL,3,NULL,NULL,'2025-08-26 17:33:37.109','Player 6 redeemed Chips worth 10000',NULL,26),(119,3,6,5000.000000000000000000000000000000,'CHIP_REDEEM','Chips',0,0,NULL,3,NULL,NULL,'2025-08-26 17:38:16.517','Player 6 redeemed Chips worth 5000',NULL,26),(120,3,6,5000.000000000000000000000000000000,'CHIP_REDEEM','Chips',0,0,NULL,3,NULL,NULL,'2025-08-26 18:07:55.721','Player 6 redeemed Chips worth 5000',NULL,26),(121,3,6,5000.000000000000000000000000000000,'CHIP_REDEEM','Chips',0,0,NULL,3,NULL,NULL,'2025-08-26 18:13:24.764','Player 6 redeemed Chips worth 5000',NULL,26),(122,3,6,5000.000000000000000000000000000000,'CHIP_REDEEM','Chips',0,0,NULL,3,NULL,NULL,'2025-08-26 18:24:38.767','Player 6 redeemed Chips worth 5000',NULL,26),(123,3,6,5000.000000000000000000000000000000,'CHIP_REDEEM','Chips',0,0,NULL,3,NULL,NULL,'2025-08-26 18:32:01.546','Player 6 redeemed Chips worth 5000',NULL,26),(124,3,6,17500.000000000000000000000000000000,'CHIP_REDEEM','Chips',0,0,NULL,3,NULL,NULL,'2025-08-26 18:32:48.934','Player 6 redeemed Chips worth 17500',NULL,26),(125,3,6,17500.000000000000000000000000000000,'CHIP_PURCHASE','Cash',0,0,NULL,3,NULL,NULL,'2025-08-26 18:33:49.718','Player 6 bought Chips worth 17500',NULL,26),(126,3,6,1000.000000000000000000000000000000,'CHIP_REDEEM','Chips',0,0,NULL,3,NULL,NULL,'2025-08-26 18:42:40.404','Player 6 redeemed Chips worth 1000',NULL,26),(127,3,6,1000.000000000000000000000000000000,'CHIP_REDEEM','Chips',0,0,NULL,3,NULL,NULL,'2025-08-26 18:45:52.491','Player 6 redeemed Chips worth 1000',NULL,26),(128,3,6,10000.000000000000000000000000000000,'CHIP_PURCHASE','Cash',0,0,NULL,3,NULL,NULL,'2025-08-26 18:46:08.061','Player 6 bought Chips worth 10000',NULL,26),(129,3,6,1000.000000000000000000000000000000,'CHIP_REDEEM','Chips',0,0,NULL,3,NULL,NULL,'2025-08-27 04:40:50.423','Player 6 redeemed Chips worth 1000',NULL,26),(130,3,6,1000.000000000000000000000000000000,'CHIP_REDEEM','Chips',0,0,NULL,3,NULL,NULL,'2025-08-27 04:42:55.808','Player 6 redeemed Chips worth 1000',NULL,26),(131,3,6,1000.000000000000000000000000000000,'CHIP_REDEEM','Chips',0,0,NULL,3,NULL,NULL,'2025-08-27 04:43:39.343','Player 6 redeemed Chips worth 1000',NULL,26),(132,3,6,1000.000000000000000000000000000000,'CHIP_REDEEM','Chips',0,0,NULL,3,NULL,NULL,'2025-08-27 05:07:54.996','Player 6 redeemed Chips worth 1000',NULL,26),(133,1,1,0.000000000000000000000000000000,'MONEY_CREDIT','Cash',0,0,NULL,3,NULL,NULL,'2025-09-13 18:19:50.076','Player 1 bought Chips worth 1000',NULL,1),(134,9,NULL,1000.000000000000000000000000000000,'CAGE_OPEN','VAULT_TRANSFER',0,0,NULL,3,NULL,NULL,'2025-11-03 21:35:45.991','Cage Opening Balance - Cash Entry',NULL,27),(135,9,NULL,10000.000000000000000000000000000000,'CAGE_OPEN','VAULT_TRANSFER',0,0,NULL,3,NULL,NULL,'2025-11-03 21:35:45.991','Cage Opening Balance - Chips Entry',NULL,27),(142,9,39,10000.000000000000000000000000000000,'CHIP_PURCHASE','Cash',0,0,NULL,3,NULL,NULL,'2025-11-30 08:45:55.487','Player 39 bought Chips worth 10000',NULL,27),(143,9,39,10000.000000000000000000000000000000,'CHIP_REDEEM','Chips',0,0,NULL,3,NULL,NULL,'2025-11-30 09:03:59.792','Player 39 redeemed Chips worth 10000',NULL,27),(144,9,39,10000.000000000000000000000000000000,'CHIP_PURCHASE','UPI',0,0,NULL,3,NULL,NULL,'2025-11-30 09:06:01.668','Player 39 bought Chips worth 10000',NULL,27),(145,9,39,1000.000000000000000000000000000000,'CHIP_REDEEM','Chips',0,0,NULL,3,NULL,NULL,'2025-11-30 18:44:51.374','Player 39 redeemed Chips worth 1000',NULL,27),(146,9,39,1000.000000000000000000000000000000,'CHIP_PURCHASE','Credit_Debit_Card',0,0,NULL,3,NULL,NULL,'2025-11-30 18:45:30.725','Player 39 bought Chips worth 1000',NULL,27),(147,9,39,1000.000000000000000000000000000000,'TITO_PURCHASE','Cash',0,0,NULL,3,NULL,NULL,'2025-11-30 18:46:26.135','Player 39 bought TITO worth 1000',NULL,27),(148,9,39,1000.000000000000000000000000000000,'TITO_PURCHASE','UPI',0,0,NULL,3,NULL,NULL,'2025-11-30 18:47:44.646','Player 39 bought TITO worth 1000',NULL,27),(149,9,39,1000.000000000000000000000000000000,'TITO_PURCHASE','Credit_Debit_Card',0,0,NULL,3,NULL,NULL,'2025-11-30 18:48:38.505','Player 39 bought TITO worth 1000',NULL,27),(150,9,39,1000.000000000000000000000000000000,'TITO_REDEEM','TITO',0,0,NULL,3,NULL,NULL,'2025-11-30 18:49:39.598','Player 39 redeemed TITO worth 1000',NULL,27),(151,9,39,10000.000000000000000000000000000000,'TITO_PURCHASE','Cash',0,0,NULL,3,NULL,NULL,'2025-11-30 19:02:37.161','Player 39 bought TITO worth 10000',NULL,27),(152,9,39,1000.000000000000000000000000000000,'TITO_REDEEM','TITO',0,0,NULL,3,NULL,NULL,'2025-11-30 19:02:50.600','Player 39 redeemed TITO worth 1000',NULL,27),(153,9,39,1000.000000000000000000000000000000,'TITO_REDEEM','TITO',0,0,NULL,3,NULL,NULL,'2025-11-30 19:15:30.002','Player 39 redeemed TITO worth 1000',NULL,27),(154,9,39,1000.000000000000000000000000000000,'TITO_REDEEM','TITO',0,0,NULL,3,NULL,NULL,'2025-11-30 19:16:04.238','Player 39 redeemed TITO worth 1000',NULL,27),(155,9,39,1000.000000000000000000000000000000,'MONEY_CREDIT','Cash',0,0,NULL,3,NULL,NULL,'2025-11-30 19:16:43.066','Player 39 loaded card with INR 1000',NULL,27),(156,9,39,1000.000000000000000000000000000000,'MONEY_CREDIT','UPI',0,0,NULL,3,NULL,NULL,'2025-11-30 19:16:59.471','Player 39 loaded card with INR 1000',NULL,27),(157,9,39,1000.000000000000000000000000000000,'MONEY_CREDIT','Credit_Debit_Card',0,0,NULL,3,NULL,NULL,'2025-11-30 19:17:28.554','Player 39 loaded card with INR 1000',NULL,27),(158,9,39,10000.000000000000000000000000000000,'CHIP_PURCHASE','Cash',0,0,NULL,3,NULL,NULL,'2025-12-06 19:55:39.399','Player 39 bought Chips worth 10000',NULL,27),(159,9,39,10000.000000000000000000000000000000,'CHIP_PURCHASE','UPI',0,0,NULL,3,NULL,NULL,'2025-12-06 19:56:50.182','Player 39 bought Chips worth 10000',NULL,27),(160,9,39,2500.000000000000000000000000000000,'CHIP_PURCHASE','Credit_Debit_Card',0,0,NULL,3,NULL,NULL,'2025-12-06 19:57:24.539','Player 39 bought Chips worth 2500',NULL,27),(161,9,39,10000.000000000000000000000000000000,'CHIP_REDEEM','Chips',0,0,NULL,3,NULL,NULL,'2025-12-06 19:58:22.724','Player 39 redeemed Chips worth 10000',NULL,27),(162,9,39,5000.000000000000000000000000000000,'TITO_PURCHASE','Cash',0,0,NULL,3,NULL,NULL,'2025-12-06 19:59:30.396','Player 39 bought TITO worth 5000',NULL,27),(163,9,39,2500.000000000000000000000000000000,'TITO_PURCHASE','UPI',0,0,NULL,3,NULL,NULL,'2025-12-06 20:00:06.486','Player 39 bought TITO worth 2500',NULL,27),(164,9,39,2500.000000000000000000000000000000,'TITO_PURCHASE','Credit_Debit_Card',0,0,NULL,3,NULL,NULL,'2025-12-06 20:00:59.257','Player 39 bought TITO worth 2500',NULL,27),(165,9,39,5000.000000000000000000000000000000,'TITO_REDEEM','TITO',0,0,NULL,3,NULL,NULL,'2025-12-06 20:01:28.301','Player 39 redeemed TITO worth 5000',NULL,27),(166,9,39,1000.000000000000000000000000000000,'MONEY_CREDIT','Cash',0,0,NULL,3,NULL,NULL,'2025-12-06 20:22:20.125','Player 39 loaded card with INR 1000',NULL,27),(167,9,39,1500.000000000000000000000000000000,'MONEY_CREDIT','UPI',0,0,NULL,3,NULL,NULL,'2025-12-06 20:22:52.731','Player 39 loaded card with INR 1500',NULL,27),(168,9,39,1000.000000000000000000000000000000,'MONEY_CREDIT','Credit_Debit_Card',0,0,NULL,3,NULL,NULL,'2025-12-06 20:23:41.558','Player 39 loaded card with INR 1000',NULL,27),(169,9,NULL,20000.000000000000000000000000000000,'VAULT_MONEY_CREDIT','VAULT_TRANSFER',0,0,NULL,3,NULL,NULL,'2025-12-15 19:19:50.524','Stop session: moved Cash 10000, Chips 10000, Online 0, TITO 0',NULL,27),(170,9,NULL,20000.000000000000000000000000000000,'VAULT_MONEY_CREDIT','VAULT_TRANSFER',0,0,NULL,3,NULL,NULL,'2025-12-15 19:24:05.064','Stop session: moved Cash 10000, Chips 10000, Online 0, TITO 0',NULL,27),(171,9,NULL,20000.000000000000000000000000000000,'VAULT_MONEY_CREDIT','VAULT_TRANSFER',0,0,NULL,3,NULL,NULL,'2025-12-15 19:28:10.481','Stop session: moved Cash 10000, Chips 10000, Online 0, TITO 0',NULL,27),(172,5,39,1000.000000000000000000000000000000,'TITO_PURCHASE','Cash',0,0,NULL,3,NULL,NULL,'2025-12-22 18:59:30.034','Player 39 bought TITO worth 1000',NULL,1),(173,5,39,5000.000000000000000000000000000000,'TITO_PURCHASE','UPI',0,0,NULL,3,NULL,NULL,'2025-12-22 19:01:07.216','Player 39 bought TITO worth 5000',NULL,1),(174,5,39,500.000000000000000000000000000000,'TITO_PURCHASE','Cash',0,0,NULL,3,NULL,NULL,'2025-12-22 19:01:39.250','Player 39 bought TITO worth 500',NULL,1);
/*!40000 ALTER TABLE `CageTransaction` ENABLE KEYS */;
UNLOCK TABLES;

--
-- Table structure for table `CageVaultAuditLog`
--

DROP TABLE IF EXISTS `CageVaultAuditLog`;
/*!40101 SET @saved_cs_client     = @@character_set_client */;
/*!50503 SET character_set_client = utf8mb4 */;
CREATE TABLE `CageVaultAuditLog` (
  `audit_id` int NOT NULL AUTO_INCREMENT,
  `request_id` int NOT NULL,
  `action` enum('REQUESTED','ACCEPTED','REJECTED','CONFIRMED') COLLATE utf8mb4_unicode_ci NOT NULL,
  `performed_by` int NOT NULL,
  `performed_at` datetime(3) NOT NULL DEFAULT CURRENT_TIMESTAMP(3),
  `remarks` varchar(191) COLLATE utf8mb4_unicode_ci DEFAULT NULL,
  PRIMARY KEY (`audit_id`),
  KEY `CageVaultAuditLog_request_id_fkey` (`request_id`),
  KEY `CageVaultAuditLog_performed_by_fkey` (`performed_by`),
  CONSTRAINT `CageVaultAuditLog_performed_by_fkey` FOREIGN KEY (`performed_by`) REFERENCES `Employee` (`employee_id`) ON DELETE CASCADE ON UPDATE CASCADE,
  CONSTRAINT `CageVaultAuditLog_request_id_fkey` FOREIGN KEY (`request_id`) REFERENCES `CageVaultRequest` (`request_id`) ON DELETE CASCADE ON UPDATE CASCADE
) ENGINE=InnoDB DEFAULT CHARSET=utf8mb4 COLLATE=utf8mb4_unicode_ci;
/*!40101 SET character_set_client = @saved_cs_client */;

--
-- Dumping data for table `CageVaultAuditLog`
--

LOCK TABLES `CageVaultAuditLog` WRITE;
/*!40000 ALTER TABLE `CageVaultAuditLog` DISABLE KEYS */;
/*!40000 ALTER TABLE `CageVaultAuditLog` ENABLE KEYS */;
UNLOCK TABLES;

--
-- Table structure for table `CageVaultRequest`
--

DROP TABLE IF EXISTS `CageVaultRequest`;
/*!40101 SET @saved_cs_client     = @@character_set_client */;
/*!50503 SET character_set_client = utf8mb4 */;
CREATE TABLE `CageVaultRequest` (
  `request_id` int NOT NULL AUTO_INCREMENT,
  `request_type` enum('FILL','CASH_OUT','TRANSFER','RECONCILIATION') COLLATE utf8mb4_unicode_ci NOT NULL,
  `cage_id` int NOT NULL,
  `vault_id` int NOT NULL,
  `amount` decimal(18,2) NOT NULL,
  `status` enum('PENDING_VAULT_ACTION','AWAITING_CAGE_CONFIRMATION','CLOSED_CONFIRMED','CLOSED_REJECTED') COLLATE utf8mb4_unicode_ci NOT NULL,
  `initiated_by` int NOT NULL,
  `reviewed_by` int DEFAULT NULL,
  `confirmed_by` int DEFAULT NULL,
  `requested_at` datetime(3) NOT NULL DEFAULT CURRENT_TIMESTAMP(3),
  `reviewed_at` datetime(3) DEFAULT NULL,
  `confirmed_at` datetime(3) DEFAULT NULL,
  `remarks` varchar(191) COLLATE utf8mb4_unicode_ci DEFAULT NULL,
  `attachment_path` varchar(191) COLLATE utf8mb4_unicode_ci DEFAULT NULL,
  `cancelled_at` datetime(3) DEFAULT NULL,
  `cash_amount` decimal(18,2) DEFAULT '0.00',
  `chip_amount` decimal(18,2) DEFAULT '0.00',
  `chip_denominations` json DEFAULT NULL,
  `completed_at` datetime(3) DEFAULT NULL,
  `linked_vault_tx_id` int DEFAULT NULL,
  `performed_at` datetime(3) DEFAULT NULL,
  `priority` int DEFAULT '2',
  `rejection_reason` varchar(191) COLLATE utf8mb4_unicode_ci DEFAULT NULL,
  PRIMARY KEY (`request_id`),
  KEY `CageVaultRequest_cage_id_idx` (`cage_id`),
  KEY `CageVaultRequest_initiated_by_fkey` (`initiated_by`),
  KEY `CageVaultRequest_reviewed_by_fkey` (`reviewed_by`),
  KEY `CageVaultRequest_confirmed_by_fkey` (`confirmed_by`),
  KEY `CageVaultRequest_vault_id_idx` (`vault_id`),
  KEY `CageVaultRequest_status_idx` (`status`),
  KEY `CageVaultRequest_requested_at_idx` (`requested_at`),
  KEY `CageVaultRequest_linked_vault_tx_id_idx` (`linked_vault_tx_id`),
  CONSTRAINT `CageVaultRequest_cage_id_fkey` FOREIGN KEY (`cage_id`) REFERENCES `Cage` (`cage_id`) ON DELETE CASCADE ON UPDATE CASCADE,
  CONSTRAINT `CageVaultRequest_confirmed_by_fkey` FOREIGN KEY (`confirmed_by`) REFERENCES `Employee` (`employee_id`) ON DELETE SET NULL ON UPDATE CASCADE,
  CONSTRAINT `CageVaultRequest_initiated_by_fkey` FOREIGN KEY (`initiated_by`) REFERENCES `Employee` (`employee_id`) ON DELETE CASCADE ON UPDATE CASCADE,
  CONSTRAINT `CageVaultRequest_reviewed_by_fkey` FOREIGN KEY (`reviewed_by`) REFERENCES `Employee` (`employee_id`) ON DELETE SET NULL ON UPDATE CASCADE
) ENGINE=InnoDB AUTO_INCREMENT=42 DEFAULT CHARSET=utf8mb4 COLLATE=utf8mb4_unicode_ci;
/*!40101 SET character_set_client = @saved_cs_client */;

--
-- Dumping data for table `CageVaultRequest`
--

LOCK TABLES `CageVaultRequest` WRITE;
/*!40000 ALTER TABLE `CageVaultRequest` DISABLE KEYS */;
INSERT INTO `CageVaultRequest` VALUES (1,'FILL',9,1,30000.00,'CLOSED_CONFIRMED',3,3,NULL,'2025-11-08 16:32:47.086',NULL,NULL,'Cage Operator/Manager accepted the Fill Request',NULL,NULL,1000.00,29000.00,'{\"1000\": 2, \"2000\": 1, \"2500\": 2, \"5000\": 2, \"10000\": 1}',NULL,NULL,NULL,1,NULL),(2,'FILL',9,1,11000.00,'CLOSED_CONFIRMED',3,3,3,'2025-11-08 19:18:14.533',NULL,'2025-11-14 20:32:11.299','Cage Operator/Manager accepted the Fill Request',NULL,NULL,1000.00,10000.00,'{\"10000\": 1}',NULL,NULL,NULL,1,NULL),(11,'FILL',9,1,33000.00,'CLOSED_CONFIRMED',3,3,3,'2025-11-30 19:19:53.702',NULL,'2025-11-30 19:23:08.345','Cage Operator/Manager accepted the Fill Request',NULL,NULL,12000.00,21000.00,'{\"500\": 1, \"1000\": 1, \"2000\": 1, \"2500\": 1, \"5000\": 1, \"10000\": 1}',NULL,NULL,NULL,1,NULL),(12,'FILL',9,1,11000.00,'CLOSED_CONFIRMED',3,3,3,'2025-11-30 19:31:07.697',NULL,'2025-11-30 19:31:37.470','Cage Operator/Manager accepted the Fill Request',NULL,NULL,1000.00,10000.00,'{\"10000\": 1}',NULL,NULL,NULL,1,NULL),(13,'FILL',9,1,19000.00,'CLOSED_CONFIRMED',3,3,3,'2025-11-30 19:42:12.185',NULL,'2025-11-30 19:42:39.233','Cage Operator/Manager accepted the Fill Request',NULL,NULL,9000.00,10000.00,'{\"10000\": 1}',NULL,NULL,NULL,1,NULL),(14,'FILL',9,1,27300.00,'CLOSED_CONFIRMED',3,3,3,'2025-11-30 19:48:39.314',NULL,'2025-11-30 19:49:20.453','Cage Operator/Manager accepted the Fill Request',NULL,NULL,8000.00,19300.00,'{\"100\": 3, \"2000\": 2, \"5000\": 1, \"10000\": 1}',NULL,NULL,NULL,1,NULL),(15,'FILL',9,1,11000.00,'CLOSED_CONFIRMED',3,3,3,'2025-11-30 19:52:34.994',NULL,'2025-11-30 19:52:52.836','Cage Operator/Manager accepted the Fill Request',NULL,NULL,1000.00,10000.00,'{\"10000\": 1}',NULL,NULL,NULL,1,NULL),(16,'FILL',9,1,11000.00,'CLOSED_CONFIRMED',3,3,3,'2025-11-30 20:40:42.055',NULL,'2025-11-30 20:41:00.129','Cage Operator/Manager accepted the Fill Request',NULL,NULL,1000.00,10000.00,'{\"10000\": 1}',NULL,NULL,NULL,1,NULL),(17,'FILL',9,1,11000.00,'CLOSED_CONFIRMED',3,3,3,'2025-11-30 20:43:03.701',NULL,'2025-11-30 20:43:16.574','Cage Operator/Manager accepted the Fill Request',NULL,NULL,1000.00,10000.00,'{\"10000\": 1}',NULL,NULL,NULL,1,NULL),(18,'FILL',9,1,11000.00,'CLOSED_CONFIRMED',3,3,3,'2025-12-04 20:20:10.924',NULL,'2025-12-04 20:21:16.956','Cage Operator/Manager accepted the Fill Request',NULL,NULL,1000.00,10000.00,'{\"10000\": 1}',NULL,NULL,NULL,1,NULL),(19,'FILL',9,1,11000.00,'CLOSED_CONFIRMED',3,3,3,'2025-12-04 20:33:08.899',NULL,'2025-12-04 20:33:25.837','Cage Operator/Manager accepted the Fill Request',NULL,NULL,1000.00,10000.00,'{\"10000\": 1}',NULL,NULL,NULL,1,NULL),(20,'FILL',9,1,25000.00,'CLOSED_CONFIRMED',3,3,3,'2025-12-04 20:43:21.051',NULL,'2025-12-04 20:43:34.158','Cage Operator/Manager accepted the Fill Request',NULL,NULL,10000.00,15000.00,'{\"5000\": 1, \"10000\": 1}',NULL,NULL,NULL,1,NULL),(21,'FILL',9,1,16000.00,'CLOSED_CONFIRMED',3,3,3,'2025-12-04 20:49:16.212',NULL,'2025-12-04 20:49:29.534','Cage Operator/Manager accepted the Fill Request',NULL,NULL,1000.00,15000.00,'{\"5000\": 1, \"10000\": 1}',NULL,NULL,NULL,1,NULL),(22,'FILL',9,1,16000.00,'CLOSED_CONFIRMED',3,3,3,'2025-12-04 20:50:31.930',NULL,'2025-12-04 20:50:59.283','Cage Operator/Manager accepted the Fill Request',NULL,NULL,1000.00,15000.00,'{\"5000\": 1, \"10000\": 1}',NULL,NULL,NULL,1,NULL),(23,'FILL',9,1,16000.00,'CLOSED_CONFIRMED',3,3,3,'2025-12-04 21:03:03.765',NULL,'2025-12-04 21:03:27.147','Cage Operator/Manager accepted the Fill Request',NULL,NULL,1000.00,15000.00,'{\"5000\": 1, \"10000\": 1}',NULL,NULL,NULL,1,NULL),(24,'FILL',9,1,11000.00,'CLOSED_CONFIRMED',3,3,3,'2025-12-04 21:04:22.966',NULL,'2025-12-04 21:04:35.127','Cage Operator/Manager accepted the Fill Request',NULL,NULL,1000.00,10000.00,'{\"10000\": 1}',NULL,NULL,NULL,1,NULL),(25,'FILL',9,1,3500.00,'CLOSED_CONFIRMED',3,3,3,'2025-12-04 21:04:51.095',NULL,'2025-12-04 21:05:04.962','Cage Operator/Manager accepted the Fill Request',NULL,NULL,1000.00,2500.00,'{\"2500\": 1}',NULL,NULL,NULL,1,NULL),(26,'CASH_OUT',9,1,0.00,'CLOSED_CONFIRMED',3,3,3,'2025-12-05 10:59:05.558',NULL,'2025-12-05 11:00:30.571','Cage Operator/Manager accepted the Withdraw Request',NULL,NULL,0.00,0.00,'{\"10000\": 1}',NULL,NULL,NULL,1,NULL),(27,'CASH_OUT',9,1,5000.00,'CLOSED_CONFIRMED',3,3,3,'2025-12-05 20:10:51.575',NULL,'2025-12-05 20:11:07.430','Cage Operator/Manager accepted the Withdraw Request',NULL,NULL,5000.00,0.00,'{\"10000\": 1}',NULL,NULL,NULL,1,NULL),(28,'CASH_OUT',9,1,1000.00,'CLOSED_CONFIRMED',3,3,3,'2025-12-05 20:21:28.209',NULL,'2025-12-05 20:21:51.234','Cage Operator/Manager accepted the Withdraw Request',NULL,NULL,1000.00,0.00,'{\"10000\": 1}',NULL,NULL,NULL,1,NULL),(29,'FILL',9,1,10000.00,'CLOSED_CONFIRMED',3,3,3,'2025-12-06 13:53:21.950',NULL,'2025-12-06 13:53:44.465','Cage Operator/Manager accepted the Fill Request',NULL,NULL,0.00,10000.00,'{\"10000\": 1}',NULL,NULL,NULL,1,NULL),(30,'FILL',9,1,10000.00,'CLOSED_CONFIRMED',3,3,3,'2025-12-06 13:54:25.639',NULL,'2025-12-06 13:54:41.422','Cage Operator/Manager accepted the Fill Request',NULL,NULL,0.00,10000.00,'{\"10000\": 1}',NULL,NULL,NULL,1,NULL),(31,'FILL',9,1,10000.00,'CLOSED_CONFIRMED',3,3,3,'2025-12-06 13:55:23.011',NULL,'2025-12-06 13:55:41.952','Cage Operator/Manager accepted the Fill Request',NULL,NULL,0.00,10000.00,'{\"10000\": 1}',NULL,NULL,NULL,1,NULL),(32,'FILL',9,1,10000.00,'CLOSED_CONFIRMED',3,3,3,'2025-12-06 15:19:51.840',NULL,'2025-12-06 15:20:08.805','Cage Operator/Manager accepted the Fill Request',NULL,NULL,0.00,10000.00,'{\"10000\": 1}',NULL,NULL,NULL,1,NULL),(33,'FILL',9,1,10000.00,'CLOSED_CONFIRMED',3,3,3,'2025-12-06 15:31:28.568',NULL,'2025-12-06 15:32:29.645','Cage Operator/Manager accepted the Fill Request',NULL,NULL,0.00,10000.00,'{\"10000\": 1}',NULL,NULL,NULL,1,NULL),(34,'FILL',9,1,1000.00,'CLOSED_CONFIRMED',3,3,3,'2025-12-06 19:33:57.949',NULL,'2025-12-06 19:34:18.579','Cage Operator/Manager accepted the Fill Request',NULL,NULL,1000.00,0.00,'{}',NULL,NULL,NULL,1,NULL),(35,'FILL',9,1,29000.00,'CLOSED_CONFIRMED',3,3,3,'2025-12-06 19:36:14.815',NULL,'2025-12-06 19:36:33.793','Cage Operator/Manager accepted the Fill Request',NULL,NULL,9000.00,20000.00,'{\"2500\": 2, \"5000\": 1, \"10000\": 1}',NULL,NULL,NULL,1,NULL),(36,'CASH_OUT',9,1,1000.00,'CLOSED_CONFIRMED',3,3,3,'2025-12-07 18:17:47.203',NULL,'2025-12-07 18:18:13.538','Cage Operator/Manager accepted the Withdraw Request',NULL,NULL,1000.00,0.00,'{}',NULL,NULL,NULL,1,NULL),(37,'CASH_OUT',9,1,0.00,'CLOSED_CONFIRMED',3,3,3,'2025-12-07 18:40:16.758',NULL,'2025-12-07 18:40:39.857','Cage Operator/Manager accepted the Withdraw Request',NULL,NULL,0.00,0.00,'{\"10000\": 1}',NULL,NULL,NULL,1,NULL),(38,'CASH_OUT',9,1,1000.00,'CLOSED_CONFIRMED',3,3,3,'2025-12-07 18:43:47.693',NULL,'2025-12-07 18:44:01.784','Cage Operator/Manager accepted the Withdraw Request',NULL,NULL,1000.00,0.00,'{}',NULL,NULL,NULL,1,NULL),(39,'CASH_OUT',9,1,0.00,'CLOSED_CONFIRMED',3,3,3,'2025-12-07 18:45:42.454',NULL,'2025-12-07 18:45:56.667','Cage Operator/Manager accepted the Withdraw Request',NULL,NULL,0.00,0.00,'{\"2500\": 1}',NULL,NULL,NULL,1,NULL),(40,'CASH_OUT',9,1,1000.00,'CLOSED_CONFIRMED',3,3,3,'2025-12-07 18:57:22.296',NULL,'2025-12-07 18:57:38.666','Cage Operator/Manager accepted the Withdraw Request',NULL,NULL,1000.00,0.00,'{}',NULL,NULL,NULL,1,NULL),(41,'CASH_OUT',9,1,0.00,'CLOSED_CONFIRMED',3,3,3,'2025-12-07 19:08:10.221',NULL,'2025-12-07 19:08:27.198','Cage Operator/Manager accepted the Withdraw Request',NULL,NULL,0.00,0.00,'{\"5000\": 1}',NULL,NULL,NULL,1,NULL);
/*!40000 ALTER TABLE `CageVaultRequest` ENABLE KEYS */;
UNLOCK TABLES;

--
-- Table structure for table `CasinoSettings`
--

DROP TABLE IF EXISTS `CasinoSettings`;
/*!40101 SET @saved_cs_client     = @@character_set_client */;
/*!50503 SET character_set_client = utf8mb4 */;
CREATE TABLE `CasinoSettings` (
  `id` int NOT NULL AUTO_INCREMENT,
  `casino_name` varchar(191) COLLATE utf8mb4_unicode_ci DEFAULT NULL,
  `default_gaming_day_reset_time` varchar(191) COLLATE utf8mb4_unicode_ci DEFAULT NULL,
  `default_currency` varchar(191) COLLATE utf8mb4_unicode_ci DEFAULT NULL,
  `timezone` varchar(191) COLLATE utf8mb4_unicode_ci DEFAULT NULL,
  `contact_email` varchar(191) COLLATE utf8mb4_unicode_ci DEFAULT NULL,
  `maintenance_mode` tinyint(1) DEFAULT '0',
  `logo_url` varchar(191) COLLATE utf8mb4_unicode_ci DEFAULT NULL,
  `created_at` datetime(3) DEFAULT CURRENT_TIMESTAMP(3),
  `updated_at` datetime(3) DEFAULT NULL,
  PRIMARY KEY (`id`)
) ENGINE=InnoDB AUTO_INCREMENT=2 DEFAULT CHARSET=utf8mb4 COLLATE=utf8mb4_unicode_ci;
/*!40101 SET character_set_client = @saved_cs_client */;

--
-- Dumping data for table `CasinoSettings`
--

LOCK TABLES `CasinoSettings` WRITE;
/*!40000 ALTER TABLE `CasinoSettings` DISABLE KEYS */;
INSERT INTO `CasinoSettings` VALUES (1,'Gamexpo Casino','04:00','INR','Asia/Kolkata','admin@gamexprocasino.com',0,'/uploads/casino-logo.png','2025-09-21 16:53:58.598','2025-09-21 18:14:26.066');
/*!40000 ALTER TABLE `CasinoSettings` ENABLE KEYS */;
UNLOCK TABLES;

--
-- Table structure for table `Employee`
--

DROP TABLE IF EXISTS `Employee`;
/*!40101 SET @saved_cs_client     = @@character_set_client */;
/*!50503 SET character_set_client = utf8mb4 */;
CREATE TABLE `Employee` (
  `employee_id` int NOT NULL AUTO_INCREMENT,
  `user_id` int NOT NULL,
  `username` varchar(191) COLLATE utf8mb4_unicode_ci NOT NULL,
  `password_hash` varchar(191) COLLATE utf8mb4_unicode_ci NOT NULL,
  `role` varchar(191) COLLATE utf8mb4_unicode_ci NOT NULL,
  `access_level` int NOT NULL,
  PRIMARY KEY (`employee_id`),
  UNIQUE KEY `Employee_user_id_key` (`user_id`),
  UNIQUE KEY `Employee_username_key` (`username`),
  CONSTRAINT `Employee_user_id_fkey` FOREIGN KEY (`user_id`) REFERENCES `User` (`user_id`) ON DELETE CASCADE ON UPDATE CASCADE
) ENGINE=InnoDB AUTO_INCREMENT=14 DEFAULT CHARSET=utf8mb4 COLLATE=utf8mb4_unicode_ci;
/*!40101 SET character_set_client = @saved_cs_client */;

--
-- Dumping data for table `Employee`
--

LOCK TABLES `Employee` WRITE;
/*!40000 ALTER TABLE `Employee` DISABLE KEYS */;
INSERT INTO `Employee` VALUES (1,2,'supervisor1','hashedpassword1','Cage_Supervisor',5),(2,3,'admin1','hashedpassword2','Admin',6),(3,4,'cage_manager1','hashedpassword3','Cage_Manager',4),(4,5,'technical1','hashedpassword4','Technical_Executive',3),(5,7,'counter_operator1','hashedpassword5','Reception_Executive',2),(6,10,'counter_operator2','hashedpassword6','Reception_Executive',2),(7,12,'admin2','hashedpassword7','Dealer',6),(8,14,'superadmin1','hashedpassword8','Cage_Executive',10),(9,18,'admin3','hashedpassword9','Pit_Supervisor',6),(10,25,'counter_operator3','hashedpassword10','Reception_Executive',2),(13,55,'USER000055','$2b$10$lLN1CeGrneyOBjSKih8t3eB6HQG35Wp0pdq.ALiYFNFy7cHt8z9n6','Reception_Executive',0);
/*!40000 ALTER TABLE `Employee` ENABLE KEYS */;
UNLOCK TABLES;

--
-- Table structure for table `Floor`
--

DROP TABLE IF EXISTS `Floor`;
/*!40101 SET @saved_cs_client     = @@character_set_client */;
/*!50503 SET character_set_client = utf8mb4 */;
CREATE TABLE `Floor` (
  `floor_id` int NOT NULL AUTO_INCREMENT,
  `name` varchar(191) COLLATE utf8mb4_unicode_ci NOT NULL,
  PRIMARY KEY (`floor_id`),
  UNIQUE KEY `Floor_name_key` (`name`)
) ENGINE=InnoDB AUTO_INCREMENT=4 DEFAULT CHARSET=utf8mb4 COLLATE=utf8mb4_unicode_ci;
/*!40101 SET character_set_client = @saved_cs_client */;

--
-- Dumping data for table `Floor`
--

LOCK TABLES `Floor` WRITE;
/*!40000 ALTER TABLE `Floor` DISABLE KEYS */;
INSERT INTO `Floor` VALUES (1,'First'),(2,'Second'),(3,'Third');
/*!40000 ALTER TABLE `Floor` ENABLE KEYS */;
UNLOCK TABLES;

--
-- Table structure for table `GameCatalog`
--

DROP TABLE IF EXISTS `GameCatalog`;
/*!40101 SET @saved_cs_client     = @@character_set_client */;
/*!50503 SET character_set_client = utf8mb4 */;
CREATE TABLE `GameCatalog` (
  `game_id` int NOT NULL AUTO_INCREMENT,
  `name` varchar(191) NOT NULL,
  `title` varchar(191) NOT NULL,
  `type` varchar(191) NOT NULL,
  `rtp` varchar(191) NOT NULL,
  `max_bet` varchar(191) NOT NULL,
  `lines` int NOT NULL,
  `reels` int NOT NULL,
  `denom` varchar(191) NOT NULL,
  `status` enum('Active','Inactive','Maintenance','Deprecated') NOT NULL DEFAULT 'Active',
  `created_at` datetime(3) NOT NULL DEFAULT CURRENT_TIMESTAMP(3),
  `updated_at` datetime(3) NOT NULL DEFAULT CURRENT_TIMESTAMP(3),
  PRIMARY KEY (`game_id`)
) ENGINE=InnoDB AUTO_INCREMENT=18 DEFAULT CHARSET=utf8mb4 COLLATE=utf8mb4_general_ci;
/*!40101 SET character_set_client = @saved_cs_client */;

--
-- Dumping data for table `GameCatalog`
--

LOCK TABLES `GameCatalog` WRITE;
/*!40000 ALTER TABLE `GameCatalog` DISABLE KEYS */;
INSERT INTO `GameCatalog` VALUES (1,'Burning Hot','Burning Hot','Video Reel','93.89%','250cr',3,4,'INR 10.00','Active','2025-08-13 15:55:21.670','2025-08-13 15:55:21.670'),(2,'Extremely Hot','Extremely Hot','Video Reel','95.74%','200cr',3,4,'INR 10.00','Active','2025-08-13 15:55:21.670','2025-08-13 15:55:21.670'),(3,'Action Money','Action Money1','Video Reel','94.38%','8.000cr',3,4,'INR 50.00','Active','2025-08-13 15:55:21.670','2025-08-13 15:55:21.670'),(4,'20 Super Hot','20 Super Hot','Video Reel','95.79%','2.000cr',3,4,'INR 10.00','Active','2025-08-13 15:55:21.670','2025-08-13 15:55:21.670'),(5,'Versailles Gold','Versailles Gold','Video Reel','94.09%','1.000cr',3,4,'INR 50.00','Active','2025-08-13 15:55:21.670','2025-08-13 15:55:21.670'),(6,'5 Dazzling Hot','5 Dazzling Hot','Video Reel','95.74%','500cr',3,4,'INR 100.00','Active','2025-08-13 15:55:21.670','2025-08-13 15:55:21.670'),(7,'Rise Of Ra','Rise Of Ra','Video Reel','94.08%','750cr',3,4,'INR 10.00','Active','2025-08-13 15:55:21.670','2025-08-13 15:55:21.670'),(8,'Oil Company II','Oil Company','Video Reel','94.05%','4.000cr',3,4,'INR 100.00','Active','2025-08-13 15:55:21.670','2025-08-13 15:55:21.670'),(9,'White Wolf','White Wolf','Video Reel','94.22%','500cr',3,4,'INR 50.00','Active','2025-08-13 15:55:21.670','2025-08-13 15:55:21.670'),(10,'Gold Of Roma','Gold Of Roma','Video Reel','94.14%','2.000cr',3,4,'INR 100.00','Active','2025-08-13 15:55:21.670','2025-08-13 15:55:21.670'),(11,'Age of Troy','Age Of Troy','Video Reel','94.14%','800cr',3,4,'INR 10.00','Active','2025-08-13 15:55:21.670','2025-08-13 15:55:21.670'),(12,'Book Of Magic','Book Of Magic','Video Reel','94.04%','2.000cr',3,4,'INR 50.00','Active','2025-08-13 15:55:21.670','2025-08-13 15:55:21.670'),(13,'Inca Gold II','Inca Gold','Video Reel','94.24%','2.000cr',2,3,'INR 100.00','Active','2025-08-13 15:55:21.670','2025-08-13 15:55:21.670'),(14,'100 Cats','100 Cat','Stepper','94.13%','5.000cr',2,3,'INR 10.00','Active','2025-08-13 15:55:21.670','2025-08-13 15:55:21.670'),(15,'Magellan','Magellan','Video Reel','94.16%','1.000cr',2,3,'INR 100.00','Active','2025-08-13 15:55:21.670','2025-08-13 15:55:21.670'),(16,'Kashmir Gold','Kashmir Gold','Video Reel','94.1%','400cr',2,3,'INR 50.00','Active','2025-08-13 15:55:21.670','2025-08-13 15:55:21.670'),(17,'Test Game Name','Test Game Title','Stepper','95%','98cr',5,5,'INR 10.00','Active','2025-09-22 14:56:52.388','2025-09-22 15:16:09.130');
/*!40000 ALTER TABLE `GameCatalog` ENABLE KEYS */;
UNLOCK TABLES;

--
-- Table structure for table `GameTransaction`
--

DROP TABLE IF EXISTS `GameTransaction`;
/*!40101 SET @saved_cs_client     = @@character_set_client */;
/*!50503 SET character_set_client = utf8mb4 */;
CREATE TABLE `GameTransaction` (
  `id` int NOT NULL AUTO_INCREMENT,
  `playerId` int NOT NULL,
  `gameName` varchar(191) COLLATE utf8mb4_unicode_ci NOT NULL,
  `betAmount` decimal(10,2) NOT NULL,
  `resultAmount` decimal(10,2) DEFAULT NULL,
  `outcome` enum('WIN','LOSS','DRAW','BONUS') COLLATE utf8mb4_unicode_ci DEFAULT NULL,
  `status` enum('Pending','Completed','Failed') COLLATE utf8mb4_unicode_ci NOT NULL DEFAULT 'Pending',
  `createdAt` datetime(3) NOT NULL DEFAULT CURRENT_TIMESTAMP(3),
  `updatedAt` datetime(3) NOT NULL,
  PRIMARY KEY (`id`),
  KEY `GameTransaction_playerId_idx` (`playerId`),
  CONSTRAINT `GameTransaction_playerId_fkey` FOREIGN KEY (`playerId`) REFERENCES `User` (`user_id`) ON DELETE CASCADE ON UPDATE CASCADE
) ENGINE=InnoDB AUTO_INCREMENT=197 DEFAULT CHARSET=utf8mb4 COLLATE=utf8mb4_unicode_ci;
/*!40101 SET character_set_client = @saved_cs_client */;

--
-- Dumping data for table `GameTransaction`
--

LOCK TABLES `GameTransaction` WRITE;
/*!40000 ALTER TABLE `GameTransaction` DISABLE KEYS */;
INSERT INTO `GameTransaction` VALUES (1,1,'Blackjack',500.00,800.00,'WIN','Completed','2025-09-14 14:44:13.492','2025-09-14 14:44:13.492'),(2,39,'Blackjack',100.00,200.00,'WIN','Completed','2025-01-05 10:00:00.000','2025-09-15 01:15:46.842'),(3,39,'Roulette',150.00,0.00,'LOSS','Completed','2025-02-10 12:00:00.000','2025-09-15 01:15:46.842'),(4,39,'Poker',200.00,400.00,'WIN','Completed','2025-03-15 14:00:00.000','2025-09-15 01:15:46.842'),(5,39,'Slots',50.00,0.00,'LOSS','Completed','2025-04-20 16:00:00.000','2025-09-15 01:15:46.842'),(6,39,'Baccarat',300.00,600.00,'WIN','Completed','2025-05-25 18:00:00.000','2025-09-15 01:15:46.842'),(7,39,'Blackjack',120.00,0.00,'LOSS','Completed','2025-06-01 10:00:00.000','2025-09-15 01:15:46.842'),(8,39,'Roulette',80.00,160.00,'WIN','Completed','2025-07-10 12:00:00.000','2025-09-15 01:15:46.842'),(9,39,'Poker',250.00,0.00,'LOSS','Completed','2025-08-15 14:00:00.000','2025-09-15 01:15:46.842'),(10,39,'Slots',60.00,120.00,'WIN','Completed','2025-09-20 16:00:00.000','2025-09-15 01:15:46.842'),(11,39,'Baccarat',90.00,0.00,'LOSS','Completed','2025-10-25 18:00:00.000','2025-09-15 01:15:46.842'),(12,38,'Blackjack',100.00,200.00,'WIN','Completed','2025-01-05 10:00:00.000','2025-09-15 01:16:30.769'),(13,38,'Roulette',150.00,0.00,'LOSS','Completed','2025-02-10 12:00:00.000','2025-09-15 01:16:30.769'),(14,38,'Poker',200.00,400.00,'WIN','Completed','2025-03-15 14:00:00.000','2025-09-15 01:16:30.769'),(15,38,'Slots',50.00,0.00,'LOSS','Completed','2025-04-20 16:00:00.000','2025-09-15 01:16:30.769'),(16,38,'Baccarat',300.00,600.00,'WIN','Completed','2025-05-25 18:00:00.000','2025-09-15 01:16:30.769'),(17,38,'Blackjack',120.00,0.00,'LOSS','Completed','2025-06-01 10:00:00.000','2025-09-15 01:16:30.769'),(18,38,'Roulette',80.00,160.00,'WIN','Completed','2025-07-10 12:00:00.000','2025-09-15 01:16:30.769'),(19,38,'Poker',250.00,0.00,'LOSS','Completed','2025-08-15 14:00:00.000','2025-09-15 01:16:30.769'),(20,38,'Slots',60.00,120.00,'WIN','Completed','2025-09-20 16:00:00.000','2025-09-15 01:16:30.769'),(21,38,'Baccarat',90.00,0.00,'LOSS','Completed','2025-10-25 18:00:00.000','2025-09-15 01:16:30.769'),(22,37,'Blackjack',100.00,200.00,'WIN','Completed','2025-01-05 10:00:00.000','2025-09-15 01:16:40.761'),(23,37,'Roulette',150.00,0.00,'LOSS','Completed','2025-02-10 12:00:00.000','2025-09-15 01:16:40.761'),(24,37,'Poker',200.00,400.00,'WIN','Completed','2025-03-15 14:00:00.000','2025-09-15 01:16:40.761'),(25,37,'Slots',50.00,0.00,'LOSS','Completed','2025-04-20 16:00:00.000','2025-09-15 01:16:40.761'),(26,37,'Baccarat',300.00,600.00,'WIN','Completed','2025-05-25 18:00:00.000','2025-09-15 01:16:40.761'),(27,37,'Blackjack',120.00,0.00,'LOSS','Completed','2025-06-01 10:00:00.000','2025-09-15 01:16:40.761'),(28,37,'Roulette',80.00,160.00,'WIN','Completed','2025-07-10 12:00:00.000','2025-09-15 01:16:40.761'),(29,37,'Poker',250.00,0.00,'LOSS','Completed','2025-08-15 14:00:00.000','2025-09-15 01:16:40.761'),(30,37,'Slots',60.00,120.00,'WIN','Completed','2025-09-20 16:00:00.000','2025-09-15 01:16:40.761'),(31,37,'Baccarat',90.00,0.00,'LOSS','Completed','2025-10-25 18:00:00.000','2025-09-15 01:16:40.761'),(32,36,'Blackjack',100.00,200.00,'WIN','Completed','2025-01-05 10:00:00.000','2025-09-15 01:16:51.498'),(33,36,'Roulette',150.00,0.00,'LOSS','Completed','2025-02-10 12:00:00.000','2025-09-15 01:16:51.498'),(34,36,'Poker',200.00,400.00,'WIN','Completed','2025-03-15 14:00:00.000','2025-09-15 01:16:51.498'),(35,36,'Slots',50.00,0.00,'LOSS','Completed','2025-04-20 16:00:00.000','2025-09-15 01:16:51.498'),(36,36,'Baccarat',300.00,600.00,'WIN','Completed','2025-05-25 18:00:00.000','2025-09-15 01:16:51.498'),(37,36,'Blackjack',120.00,0.00,'LOSS','Completed','2025-06-01 10:00:00.000','2025-09-15 01:16:51.498'),(38,36,'Roulette',80.00,160.00,'WIN','Completed','2025-07-10 12:00:00.000','2025-09-15 01:16:51.498'),(39,36,'Poker',250.00,0.00,'LOSS','Completed','2025-08-15 14:00:00.000','2025-09-15 01:16:51.498'),(40,36,'Slots',60.00,120.00,'WIN','Completed','2025-09-20 16:00:00.000','2025-09-15 01:16:51.498'),(41,36,'Baccarat',90.00,0.00,'LOSS','Completed','2025-10-25 18:00:00.000','2025-09-15 01:16:51.498'),(42,34,'Blackjack',100.00,200.00,'WIN','Completed','2025-01-05 10:00:00.000','2025-09-15 01:17:00.558'),(43,34,'Roulette',150.00,0.00,'LOSS','Completed','2025-02-10 12:00:00.000','2025-09-15 01:17:00.558'),(44,34,'Poker',200.00,400.00,'WIN','Completed','2025-03-15 14:00:00.000','2025-09-15 01:17:00.558'),(45,34,'Slots',50.00,0.00,'LOSS','Completed','2025-04-20 16:00:00.000','2025-09-15 01:17:00.558'),(46,34,'Baccarat',300.00,600.00,'WIN','Completed','2025-05-25 18:00:00.000','2025-09-15 01:17:00.558'),(47,34,'Blackjack',120.00,0.00,'LOSS','Completed','2025-06-01 10:00:00.000','2025-09-15 01:17:00.558'),(48,34,'Roulette',80.00,160.00,'WIN','Completed','2025-07-10 12:00:00.000','2025-09-15 01:17:00.558'),(49,34,'Poker',250.00,0.00,'LOSS','Completed','2025-08-15 14:00:00.000','2025-09-15 01:17:00.558'),(50,34,'Slots',60.00,120.00,'WIN','Completed','2025-09-20 16:00:00.000','2025-09-15 01:17:00.558'),(51,34,'Baccarat',90.00,0.00,'LOSS','Completed','2025-10-25 18:00:00.000','2025-09-15 01:17:00.558'),(52,23,'Blackjack',100.00,200.00,'WIN','Completed','2025-01-05 10:00:00.000','2025-09-15 01:17:11.107'),(53,23,'Roulette',150.00,0.00,'LOSS','Completed','2025-02-10 12:00:00.000','2025-09-15 01:17:11.107'),(54,23,'Poker',200.00,400.00,'WIN','Completed','2025-03-15 14:00:00.000','2025-09-15 01:17:11.107'),(55,23,'Slots',50.00,0.00,'LOSS','Completed','2025-04-20 16:00:00.000','2025-09-15 01:17:11.107'),(56,23,'Baccarat',300.00,600.00,'WIN','Completed','2025-05-25 18:00:00.000','2025-09-15 01:17:11.107'),(57,23,'Blackjack',120.00,0.00,'LOSS','Completed','2025-06-01 10:00:00.000','2025-09-15 01:17:11.107'),(58,23,'Roulette',80.00,160.00,'WIN','Completed','2025-07-10 12:00:00.000','2025-09-15 01:17:11.107'),(59,23,'Poker',250.00,0.00,'LOSS','Completed','2025-08-15 14:00:00.000','2025-09-15 01:17:11.107'),(60,23,'Slots',60.00,120.00,'WIN','Completed','2025-09-20 16:00:00.000','2025-09-15 01:17:11.107'),(61,23,'Baccarat',90.00,0.00,'LOSS','Completed','2025-10-25 18:00:00.000','2025-09-15 01:17:11.107'),(62,17,'Blackjack',100.00,200.00,'WIN','Completed','2025-01-05 10:00:00.000','2025-09-15 01:17:21.655'),(63,17,'Roulette',150.00,0.00,'LOSS','Completed','2025-02-10 12:00:00.000','2025-09-15 01:17:21.655'),(64,17,'Poker',200.00,400.00,'WIN','Completed','2025-03-15 14:00:00.000','2025-09-15 01:17:21.655'),(65,17,'Slots',50.00,0.00,'LOSS','Completed','2025-04-20 16:00:00.000','2025-09-15 01:17:21.655'),(66,17,'Baccarat',300.00,600.00,'WIN','Completed','2025-05-25 18:00:00.000','2025-09-15 01:17:21.655'),(67,17,'Blackjack',120.00,0.00,'LOSS','Completed','2025-06-01 10:00:00.000','2025-09-15 01:17:21.655'),(68,17,'Roulette',80.00,160.00,'WIN','Completed','2025-07-10 12:00:00.000','2025-09-15 01:17:21.655'),(69,17,'Poker',250.00,0.00,'LOSS','Completed','2025-08-15 14:00:00.000','2025-09-15 01:17:21.655'),(70,17,'Slots',60.00,120.00,'WIN','Completed','2025-09-20 16:00:00.000','2025-09-15 01:17:21.655'),(71,17,'Baccarat',90.00,0.00,'LOSS','Completed','2025-10-25 18:00:00.000','2025-09-15 01:17:21.655'),(72,16,'Blackjack',100.00,200.00,'WIN','Completed','2025-01-05 10:00:00.000','2025-09-15 01:17:27.518'),(73,16,'Roulette',150.00,0.00,'LOSS','Completed','2025-02-10 12:00:00.000','2025-09-15 01:17:27.518'),(74,16,'Poker',200.00,400.00,'WIN','Completed','2025-03-15 14:00:00.000','2025-09-15 01:17:27.518'),(75,16,'Slots',50.00,0.00,'LOSS','Completed','2025-04-20 16:00:00.000','2025-09-15 01:17:27.518'),(76,16,'Baccarat',300.00,600.00,'WIN','Completed','2025-05-25 18:00:00.000','2025-09-15 01:17:27.518'),(77,16,'Blackjack',120.00,0.00,'LOSS','Completed','2025-06-01 10:00:00.000','2025-09-15 01:17:27.518'),(78,16,'Roulette',80.00,160.00,'WIN','Completed','2025-07-10 12:00:00.000','2025-09-15 01:17:27.518'),(79,16,'Poker',250.00,0.00,'LOSS','Completed','2025-08-15 14:00:00.000','2025-09-15 01:17:27.518'),(80,16,'Slots',60.00,120.00,'WIN','Completed','2025-09-20 16:00:00.000','2025-09-15 01:17:27.518'),(81,16,'Baccarat',90.00,0.00,'LOSS','Completed','2025-10-25 18:00:00.000','2025-09-15 01:17:27.518'),(82,11,'Blackjack',100.00,200.00,'WIN','Completed','2025-01-05 10:00:00.000','2025-09-15 01:17:37.693'),(83,11,'Roulette',150.00,0.00,'LOSS','Completed','2025-02-10 12:00:00.000','2025-09-15 01:17:37.693'),(84,11,'Poker',200.00,400.00,'WIN','Completed','2025-03-15 14:00:00.000','2025-09-15 01:17:37.693'),(85,11,'Slots',50.00,0.00,'LOSS','Completed','2025-04-20 16:00:00.000','2025-09-15 01:17:37.693'),(86,11,'Baccarat',300.00,600.00,'WIN','Completed','2025-05-25 18:00:00.000','2025-09-15 01:17:37.693'),(87,11,'Blackjack',120.00,0.00,'LOSS','Completed','2025-06-01 10:00:00.000','2025-09-15 01:17:37.693'),(88,11,'Roulette',80.00,160.00,'WIN','Completed','2025-07-10 12:00:00.000','2025-09-15 01:17:37.693'),(89,11,'Poker',250.00,0.00,'LOSS','Completed','2025-08-15 14:00:00.000','2025-09-15 01:17:37.693'),(90,11,'Slots',60.00,120.00,'WIN','Completed','2025-09-20 16:00:00.000','2025-09-15 01:17:37.693'),(91,11,'Baccarat',90.00,0.00,'LOSS','Completed','2025-10-25 18:00:00.000','2025-09-15 01:17:37.693'),(92,10,'Blackjack',100.00,200.00,'WIN','Completed','2025-01-05 10:00:00.000','2025-09-15 01:17:43.779'),(93,10,'Roulette',150.00,0.00,'LOSS','Completed','2025-02-10 12:00:00.000','2025-09-15 01:17:43.779'),(94,10,'Poker',200.00,400.00,'WIN','Completed','2025-03-15 14:00:00.000','2025-09-15 01:17:43.779'),(95,10,'Slots',50.00,0.00,'LOSS','Completed','2025-04-20 16:00:00.000','2025-09-15 01:17:43.779'),(96,10,'Baccarat',300.00,600.00,'WIN','Completed','2025-05-25 18:00:00.000','2025-09-15 01:17:43.779'),(97,10,'Blackjack',120.00,0.00,'LOSS','Completed','2025-06-01 10:00:00.000','2025-09-15 01:17:43.779'),(98,10,'Roulette',80.00,160.00,'WIN','Completed','2025-07-10 12:00:00.000','2025-09-15 01:17:43.779'),(99,10,'Poker',250.00,0.00,'LOSS','Completed','2025-08-15 14:00:00.000','2025-09-15 01:17:43.779'),(100,10,'Slots',60.00,120.00,'WIN','Completed','2025-09-20 16:00:00.000','2025-09-15 01:17:43.779'),(101,10,'Baccarat',90.00,0.00,'LOSS','Completed','2025-10-25 18:00:00.000','2025-09-15 01:17:43.779'),(102,6,'Blackjack',100.00,200.00,'WIN','Completed','2025-01-05 10:00:00.000','2025-09-15 01:17:55.225'),(103,6,'Roulette',150.00,0.00,'LOSS','Completed','2025-02-10 12:00:00.000','2025-09-15 01:17:55.225'),(104,6,'Poker',200.00,400.00,'WIN','Completed','2025-03-15 14:00:00.000','2025-09-15 01:17:55.225'),(105,6,'Slots',50.00,0.00,'LOSS','Completed','2025-04-20 16:00:00.000','2025-09-15 01:17:55.225'),(106,6,'Baccarat',300.00,600.00,'WIN','Completed','2025-05-25 18:00:00.000','2025-09-15 01:17:55.225'),(107,6,'Blackjack',120.00,0.00,'LOSS','Completed','2025-06-01 10:00:00.000','2025-09-15 01:17:55.225'),(108,6,'Roulette',80.00,160.00,'WIN','Completed','2025-07-10 12:00:00.000','2025-09-15 01:17:55.225'),(109,6,'Poker',250.00,0.00,'LOSS','Completed','2025-08-15 14:00:00.000','2025-09-15 01:17:55.225'),(110,6,'Slots',60.00,120.00,'WIN','Completed','2025-09-20 16:00:00.000','2025-09-15 01:17:55.225'),(111,6,'Baccarat',90.00,0.00,'LOSS','Completed','2025-10-25 18:00:00.000','2025-09-15 01:17:55.225'),(112,1,'Blackjack',100.00,200.00,'WIN','Completed','2025-01-05 10:00:00.000','2025-09-15 01:18:03.760'),(113,1,'Roulette',150.00,0.00,'LOSS','Completed','2025-02-10 12:00:00.000','2025-09-15 01:18:03.760'),(114,1,'Poker',200.00,400.00,'WIN','Completed','2025-03-15 14:00:00.000','2025-09-15 01:18:03.760'),(115,1,'Slots',50.00,0.00,'LOSS','Completed','2025-04-20 16:00:00.000','2025-09-15 01:18:03.760'),(116,1,'Baccarat',300.00,600.00,'WIN','Completed','2025-05-25 18:00:00.000','2025-09-15 01:18:03.760'),(117,1,'Blackjack',120.00,0.00,'LOSS','Completed','2025-06-01 10:00:00.000','2025-09-15 01:18:03.760'),(118,1,'Roulette',80.00,160.00,'WIN','Completed','2025-07-10 12:00:00.000','2025-09-15 01:18:03.760'),(119,1,'Poker',250.00,0.00,'LOSS','Completed','2025-08-15 14:00:00.000','2025-09-15 01:18:03.760'),(120,1,'Slots',60.00,120.00,'WIN','Completed','2025-09-20 16:00:00.000','2025-09-15 01:18:03.760'),(121,1,'Baccarat',90.00,0.00,'LOSS','Completed','2025-09-12 18:00:00.000','2025-09-15 01:18:03.760'),(122,1,'Slots',93.00,0.00,'LOSS','Completed','2025-03-04 01:28:59.000','2025-09-17 17:17:00.706'),(123,1,'Blackjack',184.00,368.00,'WIN','Completed','2025-03-05 20:39:53.000','2025-09-17 17:17:00.706'),(124,1,'Poker',280.00,0.00,'LOSS','Completed','2025-03-07 22:03:19.000','2025-09-17 17:17:00.706'),(125,1,'Roulette',482.00,1446.00,'WIN','Completed','2025-03-09 00:00:54.000','2025-09-17 17:17:00.706'),(126,1,'Slots',489.00,0.00,'LOSS','Completed','2025-03-12 03:44:46.000','2025-09-17 17:17:00.706'),(127,1,'Roulette',233.00,0.00,'LOSS','Completed','2025-03-14 14:18:27.000','2025-09-17 17:17:00.706'),(128,1,'Baccarat',477.00,1431.00,'WIN','Completed','2025-03-18 17:50:43.000','2025-09-17 17:17:00.706'),(129,1,'Poker',72.00,216.00,'WIN','Completed','2025-03-20 21:02:11.000','2025-09-17 17:17:00.706'),(130,1,'Slots',396.00,0.00,'LOSS','Completed','2025-03-23 09:15:37.000','2025-09-17 17:17:00.706'),(131,1,'Blackjack',137.00,274.00,'WIN','Completed','2025-03-28 19:43:02.000','2025-09-17 17:17:00.706'),(132,1,'Roulette',321.00,963.00,'WIN','Completed','2025-04-03 16:09:48.000','2025-09-17 17:17:00.706'),(133,1,'Baccarat',258.00,0.00,'LOSS','Completed','2025-04-05 07:45:10.000','2025-09-17 17:17:00.706'),(134,1,'Poker',174.00,348.00,'WIN','Completed','2025-04-07 11:28:36.000','2025-09-17 17:17:00.706'),(135,1,'Slots',423.00,1269.00,'WIN','Completed','2025-04-10 20:17:59.000','2025-09-17 17:17:00.706'),(136,1,'Blackjack',94.00,0.00,'LOSS','Completed','2025-04-14 22:55:41.000','2025-09-17 17:17:00.706'),(137,1,'Roulette',338.00,0.00,'LOSS','Completed','2025-04-18 02:14:22.000','2025-09-17 17:17:00.706'),(138,1,'Slots',55.00,110.00,'WIN','Completed','2025-04-22 05:37:44.000','2025-09-17 17:17:00.706'),(139,1,'Baccarat',475.00,0.00,'LOSS','Completed','2025-04-26 10:29:33.000','2025-09-17 17:17:00.706'),(140,1,'Poker',368.00,1472.00,'WIN','Completed','2025-04-29 13:45:17.000','2025-09-17 17:17:00.706'),(141,1,'Blackjack',404.00,0.00,'LOSS','Completed','2025-05-07 12:14:29.000','2025-09-17 17:18:04.727'),(142,1,'Poker',458.00,0.00,'LOSS','Completed','2025-05-08 01:28:09.000','2025-09-17 17:18:04.727'),(143,1,'Blackjack',260.00,780.00,'WIN','Completed','2025-05-09 20:22:15.000','2025-09-17 17:18:04.727'),(144,1,'Baccarat',76.00,0.00,'LOSS','Completed','2025-05-12 21:43:54.000','2025-09-17 17:18:04.727'),(145,1,'Roulette',73.00,0.00,'LOSS','Completed','2025-05-16 00:43:36.000','2025-09-17 17:18:04.727'),(146,1,'Baccarat',215.00,645.00,'WIN','Completed','2025-05-18 18:59:27.000','2025-09-17 17:18:04.727'),(147,1,'Poker',341.00,0.00,'LOSS','Completed','2025-05-21 12:50:50.000','2025-09-17 17:18:04.727'),(148,1,'Baccarat',295.00,1180.00,'WIN','Completed','2025-05-22 04:25:27.000','2025-09-17 17:18:04.727'),(149,1,'Poker',493.00,986.00,'WIN','Completed','2025-05-23 05:31:18.000','2025-09-17 17:18:04.727'),(150,1,'Baccarat',118.00,0.00,'LOSS','Completed','2025-05-25 04:10:45.000','2025-09-17 17:18:04.727'),(151,1,'Baccarat',75.00,300.00,'WIN','Completed','2025-05-29 18:41:42.000','2025-09-17 17:18:04.727'),(152,1,'Poker',454.00,0.00,'LOSS','Completed','2025-05-30 05:39:00.000','2025-09-17 17:18:04.727'),(153,1,'Poker',96.00,0.00,'LOSS','Completed','2025-05-30 10:14:11.000','2025-09-17 17:18:04.727'),(154,1,'Baccarat',174.00,348.00,'WIN','Completed','2025-05-31 22:07:33.000','2025-09-17 17:18:04.727'),(155,1,'Poker',275.00,0.00,'LOSS','Completed','2025-06-04 18:50:51.000','2025-09-17 17:19:01.167'),(156,1,'Poker',486.00,0.00,'LOSS','Completed','2025-06-09 01:19:38.000','2025-09-17 17:19:01.167'),(157,1,'Blackjack',398.00,0.00,'LOSS','Completed','2025-06-10 09:18:18.000','2025-09-17 17:19:01.167'),(158,1,'Blackjack',180.00,0.00,'LOSS','Completed','2025-06-10 15:01:08.000','2025-09-17 17:19:01.167'),(159,1,'Blackjack',477.00,1908.00,'WIN','Completed','2025-06-11 11:47:56.000','2025-09-17 17:19:01.167'),(160,1,'Blackjack',90.00,180.00,'WIN','Completed','2025-06-12 00:58:59.000','2025-09-17 17:19:01.167'),(161,1,'Roulette',270.00,0.00,'LOSS','Completed','2025-06-13 19:26:02.000','2025-09-17 17:19:01.167'),(162,1,'Slots',395.00,0.00,'LOSS','Completed','2025-06-14 10:20:59.000','2025-09-17 17:19:01.167'),(163,1,'Blackjack',283.00,849.00,'WIN','Completed','2025-06-15 19:46:38.000','2025-09-17 17:19:01.167'),(164,1,'Roulette',484.00,0.00,'LOSS','Completed','2025-06-17 12:37:01.000','2025-09-17 17:19:01.167'),(165,1,'Poker',84.00,0.00,'LOSS','Completed','2025-06-20 16:57:17.000','2025-09-17 17:19:01.167'),(166,1,'Blackjack',336.00,672.00,'WIN','Completed','2025-06-24 00:54:00.000','2025-09-17 17:19:01.167'),(167,1,'Slots',281.00,0.00,'LOSS','Completed','2025-06-25 02:46:58.000','2025-09-17 17:19:01.167'),(168,1,'Poker',139.00,556.00,'WIN','Completed','2025-06-27 14:34:28.000','2025-09-17 17:19:01.167'),(169,1,'Roulette',315.00,0.00,'LOSS','Completed','2025-07-03 12:45:22.000','2025-09-17 17:20:52.834'),(170,1,'Slots',220.00,660.00,'WIN','Completed','2025-07-05 18:27:11.000','2025-09-17 17:20:52.834'),(171,1,'Blackjack',442.00,0.00,'LOSS','Completed','2025-07-07 09:14:39.000','2025-09-17 17:20:52.834'),(172,1,'Poker',190.00,570.00,'WIN','Completed','2025-07-08 23:51:08.000','2025-09-17 17:20:52.834'),(173,1,'Roulette',378.00,0.00,'LOSS','Completed','2025-07-10 14:33:55.000','2025-09-17 17:20:52.834'),(174,1,'Blackjack',125.00,250.00,'WIN','Completed','2025-07-12 02:49:44.000','2025-09-17 17:20:52.834'),(175,1,'Poker',298.00,0.00,'LOSS','Completed','2025-07-14 17:19:02.000','2025-09-17 17:20:52.834'),(176,1,'Slots',410.00,0.00,'LOSS','Completed','2025-07-15 08:42:59.000','2025-09-17 17:20:52.834'),(177,1,'Roulette',265.00,1060.00,'WIN','Completed','2025-07-17 19:26:38.000','2025-09-17 17:20:52.834'),(178,1,'Blackjack',482.00,0.00,'LOSS','Completed','2025-07-19 12:37:01.000','2025-09-17 17:20:52.834'),(179,1,'Slots',155.00,0.00,'LOSS','Completed','2025-07-21 16:57:17.000','2025-09-17 17:20:52.834'),(180,1,'Poker',350.00,700.00,'WIN','Completed','2025-07-23 00:54:00.000','2025-09-17 17:20:52.834'),(181,1,'Blackjack',289.00,0.00,'LOSS','Completed','2025-07-26 02:46:58.000','2025-09-17 17:20:52.834'),(182,1,'Roulette',174.00,522.00,'WIN','Completed','2025-07-29 14:34:28.000','2025-09-17 17:20:52.834'),(183,1,'Blackjack',264.00,1056.00,'WIN','Completed','2025-08-02 11:42:16.000','2025-09-17 18:03:33.056'),(184,1,'Roulette',332.00,0.00,'LOSS','Completed','2025-08-04 19:15:47.000','2025-09-17 18:03:33.056'),(185,1,'Slots',149.00,0.00,'LOSS','Completed','2025-08-06 06:28:09.000','2025-09-17 18:03:33.056'),(186,1,'Poker',390.00,0.00,'LOSS','Completed','2025-08-08 21:54:31.000','2025-09-17 18:03:33.056'),(187,1,'Roulette',208.00,624.00,'WIN','Completed','2025-08-11 13:09:22.000','2025-09-17 18:03:33.056'),(188,1,'Slots',276.00,0.00,'LOSS','Completed','2025-08-13 04:32:57.000','2025-09-17 18:03:33.056'),(189,1,'Poker',135.00,270.00,'WIN','Completed','2025-08-15 15:11:44.000','2025-09-17 18:03:33.056'),(190,1,'Blackjack',478.00,0.00,'LOSS','Completed','2025-08-17 09:43:28.000','2025-09-17 18:03:33.056'),(191,1,'Slots',212.00,636.00,'WIN','Completed','2025-08-20 20:59:10.000','2025-09-17 18:03:33.056'),(192,1,'Roulette',367.00,0.00,'LOSS','Completed','2025-08-22 10:37:55.000','2025-09-17 18:03:33.056'),(193,1,'Poker',95.00,0.00,'LOSS','Completed','2025-08-24 23:14:01.000','2025-09-17 18:03:33.056'),(194,1,'Blackjack',308.00,924.00,'WIN','Completed','2025-08-26 16:05:49.000','2025-09-17 18:03:33.056'),(195,1,'Slots',420.00,0.00,'LOSS','Completed','2025-08-28 07:28:36.000','2025-09-17 18:03:33.056'),(196,1,'Roulette',183.00,366.00,'WIN','Completed','2025-08-30 19:56:02.000','2025-09-17 18:03:33.056');
/*!40000 ALTER TABLE `GameTransaction` ENABLE KEYS */;
UNLOCK TABLES;

--
-- Table structure for table `GamingDay`
--

DROP TABLE IF EXISTS `GamingDay`;
/*!40101 SET @saved_cs_client     = @@character_set_client */;
/*!50503 SET character_set_client = utf8mb4 */;
CREATE TABLE `GamingDay` (
  `gaming_day_id` int NOT NULL AUTO_INCREMENT,
  `start_time` datetime(3) NOT NULL,
  `end_time` datetime(3) DEFAULT NULL,
  `status` varchar(191) COLLATE utf8mb4_unicode_ci NOT NULL,
  `closed_by` int DEFAULT NULL,
  `closed_at` datetime(3) DEFAULT NULL,
  `created_at` datetime(3) NOT NULL DEFAULT CURRENT_TIMESTAMP(3),
  `updated_at` datetime(3) NOT NULL,
  PRIMARY KEY (`gaming_day_id`),
  KEY `GamingDay_closed_by_fkey` (`closed_by`),
  CONSTRAINT `GamingDay_closed_by_fkey` FOREIGN KEY (`closed_by`) REFERENCES `Employee` (`employee_id`) ON DELETE SET NULL ON UPDATE CASCADE
) ENGINE=InnoDB AUTO_INCREMENT=29 DEFAULT CHARSET=utf8mb4 COLLATE=utf8mb4_unicode_ci;
/*!40101 SET character_set_client = @saved_cs_client */;

--
-- Dumping data for table `GamingDay`
--

LOCK TABLES `GamingDay` WRITE;
/*!40000 ALTER TABLE `GamingDay` DISABLE KEYS */;
INSERT INTO `GamingDay` VALUES (1,'2025-04-01 04:00:00.000','2025-04-01 23:59:59.000','CLOSED',1,'2025-04-01 23:59:59.000','2025-04-26 04:27:36.000','2025-04-26 04:27:36.000'),(2,'2025-04-02 04:00:00.000','2025-04-02 23:59:59.000','CLOSED',2,'2025-04-02 23:59:59.000','2025-04-26 04:27:36.000','2025-04-26 04:27:36.000'),(3,'2025-04-03 04:00:00.000','2025-04-03 23:59:59.000','CLOSED',3,'2025-04-03 23:59:59.000','2025-04-26 04:27:36.000','2025-04-26 04:27:36.000'),(4,'2025-04-04 04:00:00.000','2025-04-04 23:59:59.000','CLOSED',1,'2025-07-12 14:39:18.000','2025-04-26 04:27:36.000','2025-07-12 14:39:18.000'),(5,'2025-04-05 04:00:00.000','2025-04-05 23:59:59.000','CLOSED',4,'2025-04-05 23:59:59.000','2025-04-26 04:27:36.000','2025-04-26 04:27:36.000'),(6,'2025-04-06 04:00:00.000','2025-04-06 23:59:59.000','CLOSED',5,'2025-04-06 23:59:59.000','2025-04-26 04:27:36.000','2025-04-26 04:27:36.000'),(7,'2025-04-07 04:00:00.000','2025-04-07 23:59:59.000','CLOSED',1,'2025-07-12 14:39:18.000','2025-04-26 04:27:36.000','2025-07-12 14:39:18.000'),(8,'2025-04-08 04:00:00.000','2025-04-08 23:59:59.000','CLOSED',6,'2025-04-08 23:59:59.000','2025-04-26 04:27:36.000','2025-04-26 04:27:36.000'),(9,'2025-04-09 04:00:00.000','2025-04-09 23:59:59.000','CLOSED',1,'2025-07-12 14:39:18.000','2025-04-26 04:27:36.000','2025-07-12 14:39:18.000'),(10,'2025-04-10 04:00:00.000','2025-04-10 23:59:59.000','CLOSED',7,'2025-04-10 23:59:59.000','2025-04-26 04:27:36.000','2025-04-26 04:27:36.000'),(11,'2025-04-11 04:00:00.000','2025-04-11 23:59:59.000','CLOSED',1,'2025-07-12 14:39:18.000','2025-04-26 04:27:36.000','2025-07-12 14:39:18.000'),(12,'2025-04-12 04:00:00.000','2025-04-12 23:59:59.000','CLOSED',8,'2025-04-12 23:59:59.000','2025-04-26 04:27:36.000','2025-04-26 04:27:36.000'),(13,'2025-04-13 04:00:00.000','2025-04-13 23:59:59.000','CLOSED',1,'2025-07-12 14:39:18.000','2025-04-26 04:27:36.000','2025-07-12 14:39:18.000'),(14,'2025-04-14 04:00:00.000','2025-04-14 23:59:59.000','CLOSED',9,'2025-04-14 23:59:59.000','2025-04-26 04:27:36.000','2025-04-26 04:27:36.000'),(15,'2025-04-15 04:00:00.000','2025-04-15 23:59:59.000','CLOSED',1,'2025-07-12 14:39:18.000','2025-04-26 04:27:36.000','2025-07-12 14:39:18.000'),(16,'2025-04-16 04:00:00.000','2025-04-16 23:59:59.000','CLOSED',1,'2025-04-16 23:59:59.000','2025-04-26 04:27:36.000','2025-04-26 04:27:36.000'),(17,'2025-04-17 04:00:00.000','2025-04-17 23:59:59.000','CLOSED',1,'2025-07-12 14:39:18.000','2025-04-26 04:27:36.000','2025-07-12 14:39:18.000'),(18,'2025-04-18 04:00:00.000','2025-04-18 23:59:59.000','CLOSED',1,'2025-04-18 23:59:59.000','2025-04-26 04:27:36.000','2025-04-26 04:27:36.000'),(19,'2025-04-19 04:00:00.000','2025-04-19 23:59:59.000','CLOSED',1,'2025-07-12 14:39:18.000','2025-04-26 04:27:36.000','2025-07-12 14:39:18.000'),(20,'2025-04-20 04:00:00.000','2025-04-20 23:59:59.000','CLOSED',2,'2025-04-20 23:59:59.000','2025-04-26 04:27:36.000','2025-04-26 04:27:36.000'),(21,'2025-04-21 04:00:00.000','2025-04-21 23:59:59.000','CLOSED',1,'2025-07-12 14:39:18.000','2025-04-26 04:27:36.000','2025-07-12 14:39:18.000'),(22,'2025-04-22 04:00:00.000','2025-04-22 23:59:59.000','CLOSED',3,'2025-04-22 23:59:59.000','2025-04-26 04:27:36.000','2025-04-26 04:27:36.000'),(23,'2025-04-23 04:00:00.000','2025-04-23 23:59:59.000','CLOSED',1,'2025-07-12 14:39:18.000','2025-04-26 04:27:36.000','2025-07-12 14:39:18.000'),(24,'2025-04-24 04:00:00.000','2025-04-24 23:59:59.000','CLOSED',4,'2025-04-24 23:59:59.000','2025-04-26 04:27:36.000','2025-04-26 04:27:36.000'),(25,'2025-04-25 04:00:00.000','2025-04-25 23:59:59.000','CLOSED',1,'2025-07-12 14:39:18.000','2025-04-26 04:27:36.000','2025-07-12 14:39:18.000'),(26,'2025-07-12 04:00:00.000','2025-09-19 01:59:31.399','CLOSED',2,'2025-09-19 01:59:31.399','2025-07-12 17:17:54.000','2025-09-19 01:59:31.435'),(27,'2025-09-21 16:09:36.310','2025-12-07 19:19:54.824','CLOSED',2,'2025-12-07 19:19:54.824','2025-09-21 16:09:36.511','2025-12-07 19:19:55.135'),(28,'2025-12-07 19:20:15.141',NULL,'OPEN',NULL,NULL,'2025-12-07 19:20:15.246','2025-12-07 19:20:15.246');
/*!40000 ALTER TABLE `GamingDay` ENABLE KEYS */;
UNLOCK TABLES;

--
-- Table structure for table `MachineGame`
--

DROP TABLE IF EXISTS `MachineGame`;
/*!40101 SET @saved_cs_client     = @@character_set_client */;
/*!50503 SET character_set_client = utf8mb4 */;
CREATE TABLE `MachineGame` (
  `id` int NOT NULL AUTO_INCREMENT,
  `slot_machine_id` int NOT NULL,
  `game_id` int NOT NULL,
  PRIMARY KEY (`id`),
  UNIQUE KEY `MachineGame_slot_machine_id_game_id_key` (`slot_machine_id`,`game_id`),
  KEY `MachineGame_game_id_fkey` (`game_id`),
  CONSTRAINT `MachineGame_game_id_fkey` FOREIGN KEY (`game_id`) REFERENCES `GameCatalog` (`game_id`) ON DELETE CASCADE ON UPDATE CASCADE,
  CONSTRAINT `MachineGame_slot_machine_id_fkey` FOREIGN KEY (`slot_machine_id`) REFERENCES `SlotMachine` (`machine_id`) ON DELETE CASCADE ON UPDATE CASCADE
) ENGINE=InnoDB AUTO_INCREMENT=126 DEFAULT CHARSET=utf8mb4 COLLATE=utf8mb4_general_ci;
/*!40101 SET character_set_client = @saved_cs_client */;

--
-- Dumping data for table `MachineGame`
--

LOCK TABLES `MachineGame` WRITE;
/*!40000 ALTER TABLE `MachineGame` DISABLE KEYS */;
INSERT INTO `MachineGame` VALUES (1,1,1),(2,1,2),(3,1,3),(4,1,4),(5,1,5),(6,2,2),(7,2,3),(8,2,4),(9,2,5),(10,2,6),(11,3,3),(12,3,4),(13,3,5),(14,3,6),(15,3,7),(16,4,4),(17,4,5),(18,4,6),(19,4,7),(20,4,8),(21,5,5),(22,5,6),(23,5,7),(24,5,8),(25,5,9),(26,6,6),(27,6,7),(28,6,8),(29,6,9),(30,6,10),(31,7,7),(32,7,8),(33,7,9),(34,7,10),(35,7,11),(36,8,8),(37,8,9),(38,8,10),(39,8,11),(40,8,12),(41,9,9),(42,9,10),(43,9,11),(44,9,12),(45,9,13),(46,10,10),(47,10,11),(48,10,12),(49,10,13),(50,10,14),(51,11,11),(52,11,12),(53,11,13),(54,11,14),(55,11,15),(56,12,12),(57,12,13),(58,12,14),(59,12,15),(60,12,16),(65,13,1),(61,13,13),(62,13,14),(63,13,15),(64,13,16),(69,14,1),(70,14,2),(66,14,14),(67,14,15),(68,14,16),(73,15,1),(74,15,2),(75,15,3),(71,15,15),(72,15,16),(77,16,1),(78,16,2),(79,16,3),(80,16,4),(76,16,16),(81,17,1),(82,17,2),(83,17,3),(84,17,4),(85,17,5),(86,18,2),(87,18,3),(88,18,4),(89,18,5),(90,18,6),(91,19,3),(92,19,4),(93,19,5),(94,19,6),(95,19,7),(96,20,4),(97,20,5),(98,20,6),(99,20,7),(100,20,8),(101,21,5),(102,21,6),(103,21,7),(104,21,8),(105,21,9),(106,22,6),(107,22,7),(108,22,8),(109,22,9),(110,22,10),(111,23,7),(112,23,8),(113,23,9),(114,23,10),(115,23,11),(116,24,8),(117,24,9),(118,24,10),(119,24,11),(120,24,12),(121,25,9),(122,25,10),(123,25,11),(124,25,12),(125,25,13);
/*!40000 ALTER TABLE `MachineGame` ENABLE KEYS */;
UNLOCK TABLES;

--
-- Table structure for table `PlayerCard`
--

DROP TABLE IF EXISTS `PlayerCard`;
/*!40101 SET @saved_cs_client     = @@character_set_client */;
/*!50503 SET character_set_client = utf8mb4 */;
CREATE TABLE `PlayerCard` (
  `card_id` int NOT NULL AUTO_INCREMENT,
  `user_id` int NOT NULL,
  `rfid_number` varchar(191) COLLATE utf8mb4_unicode_ci NOT NULL,
  `pin` varchar(191) COLLATE utf8mb4_unicode_ci NOT NULL,
  `balance` decimal(65,30) NOT NULL DEFAULT '0.000000000000000000000000000000',
  `loyalty_points` int NOT NULL DEFAULT '0',
  `tier` enum('VIP','VVIP','Premium','Gold','Silver') COLLATE utf8mb4_unicode_ci NOT NULL DEFAULT 'Silver',
  PRIMARY KEY (`card_id`),
  UNIQUE KEY `PlayerCard_user_id_key` (`user_id`),
  UNIQUE KEY `PlayerCard_rfid_number_key` (`rfid_number`),
  KEY `PlayerCard_rfid_number_idx` (`rfid_number`),
  CONSTRAINT `PlayerCard_user_id_fkey` FOREIGN KEY (`user_id`) REFERENCES `User` (`user_id`) ON DELETE CASCADE ON UPDATE CASCADE
) ENGINE=InnoDB AUTO_INCREMENT=27 DEFAULT CHARSET=utf8mb4 COLLATE=utf8mb4_unicode_ci;
/*!40101 SET character_set_client = @saved_cs_client */;

--
-- Dumping data for table `PlayerCard`
--

LOCK TABLES `PlayerCard` WRITE;
/*!40000 ALTER TABLE `PlayerCard` DISABLE KEYS */;
INSERT INTO `PlayerCard` VALUES (1,1,'RFID001','1234',1100.000000000000000000000000000000,25,'Silver'),(2,2,'RFID002','5678',200.000000000000000000000000000000,50,'Gold'),(3,3,'RFID003','9012',150.000000000000000000000000000000,100,'VIP'),(4,4,'RFID004','3456',300.000000000000000000000000000000,200,'VVIP'),(5,5,'RFID005','7890',400.000000000000000000000000000000,150,'Silver'),(6,6,'RFID006','6543',1000.000000000000000000000000000000,200,'Gold'),(7,7,'RFID007','1234',600.000000000000000000000000000000,300,'VVIP'),(8,8,'RFID008','8765',700.000000000000000000000000000000,400,'VIP'),(9,9,'RFID009','1122',800.000000000000000000000000000000,500,'Silver'),(10,10,'RFID010','2233',900.000000000000000000000000000000,600,'Gold'),(11,11,'RFID011','3344',1000.000000000000000000000000000000,700,'VVIP'),(12,12,'RFID012','4455',1100.000000000000000000000000000000,800,'Silver'),(13,13,'RFID013','5566',1200.000000000000000000000000000000,900,'VIP'),(14,14,'RFID014','6677',1300.000000000000000000000000000000,1000,'Gold'),(15,15,'RFID015','7788',1400.000000000000000000000000000000,1100,'VVIP'),(16,16,'RFID016','8899',1500.000000000000000000000000000000,1200,'Silver'),(17,17,'RFID017','9900',1600.000000000000000000000000000000,1300,'Gold'),(18,18,'RFID018','1011',1700.000000000000000000000000000000,1400,'VVIP'),(19,19,'RFID019','1112',1800.000000000000000000000000000000,1500,'Silver'),(20,20,'RFID020','1213',1900.000000000000000000000000000000,1600,'Gold'),(21,21,'RFID021','1314',2000.000000000000000000000000000000,1700,'VVIP'),(22,22,'RFID022','1415',2100.000000000000000000000000000000,1800,'Silver'),(23,23,'RFID023','1516',2200.000000000000000000000000000000,1900,'Gold'),(24,24,'RFID024','1617',2300.000000000000000000000000000000,2000,'VVIP'),(25,25,'RFID025','1718',2400.000000000000000000000000000000,2100,'Silver'),(26,39,'RFID0026','1234',1006500.000000000000000000000000000000,26,'Silver');
/*!40000 ALTER TABLE `PlayerCard` ENABLE KEYS */;
UNLOCK TABLES;

--
-- Table structure for table `PlayerEntryLog`
--

DROP TABLE IF EXISTS `PlayerEntryLog`;
/*!40101 SET @saved_cs_client     = @@character_set_client */;
/*!50503 SET character_set_client = utf8mb4 */;
CREATE TABLE `PlayerEntryLog` (
  `id` int NOT NULL AUTO_INCREMENT,
  `player_id` int NOT NULL,
  `login_time` datetime(3) DEFAULT CURRENT_TIMESTAMP(3),
  `logout_time` datetime(3) DEFAULT NULL,
  `tier` enum('VIP','VVIP','Premium','Gold','Silver') COLLATE utf8mb4_unicode_ci NOT NULL,
  `status` enum('INSIDE','OUTSIDE') COLLATE utf8mb4_unicode_ci NOT NULL DEFAULT 'INSIDE',
  `gaming_day_id` int NOT NULL DEFAULT '1',
  PRIMARY KEY (`id`),
  KEY `PlayerEntryLog_player_id_idx` (`player_id`),
  KEY `PlayerEntryLog_login_time_idx` (`login_time`),
  KEY `PlayerEntryLog_gaming_day_id_idx` (`gaming_day_id`),
  CONSTRAINT `PlayerEntryLog_gaming_day_id_fkey` FOREIGN KEY (`gaming_day_id`) REFERENCES `GamingDay` (`gaming_day_id`) ON DELETE CASCADE ON UPDATE CASCADE,
  CONSTRAINT `PlayerEntryLog_player_id_fkey` FOREIGN KEY (`player_id`) REFERENCES `User` (`user_id`) ON DELETE CASCADE ON UPDATE CASCADE
) ENGINE=InnoDB AUTO_INCREMENT=8 DEFAULT CHARSET=utf8mb4 COLLATE=utf8mb4_unicode_ci;
/*!40101 SET character_set_client = @saved_cs_client */;

--
-- Dumping data for table `PlayerEntryLog`
--

LOCK TABLES `PlayerEntryLog` WRITE;
/*!40000 ALTER TABLE `PlayerEntryLog` DISABLE KEYS */;
INSERT INTO `PlayerEntryLog` VALUES (1,1,'2025-09-28 18:21:50.282',NULL,'VIP','INSIDE',1),(2,6,'2025-09-28 18:27:13.042',NULL,'Gold','INSIDE',1),(5,39,'2025-12-21 08:40:03.084',NULL,'Silver','INSIDE',28),(6,38,'2025-12-21 11:02:58.947',NULL,'Silver','INSIDE',28),(7,11,'2025-12-21 11:03:48.729',NULL,'VVIP','INSIDE',28);
/*!40000 ALTER TABLE `PlayerEntryLog` ENABLE KEYS */;
UNLOCK TABLES;

--
-- Table structure for table `SlotMachine`
--

DROP TABLE IF EXISTS `SlotMachine`;
/*!40101 SET @saved_cs_client     = @@character_set_client */;
/*!50503 SET character_set_client = utf8mb4 */;
CREATE TABLE `SlotMachine` (
  `machine_id` int NOT NULL AUTO_INCREMENT,
  `machine_number` varchar(191) COLLATE utf8mb4_unicode_ci NOT NULL,
  `location` varchar(191) COLLATE utf8mb4_unicode_ci DEFAULT NULL,
  `current_player_id` int DEFAULT NULL,
  `current_balance` decimal(65,30) NOT NULL DEFAULT '0.000000000000000000000000000000',
  `machine_status` enum('Discoverable','Prepared','Test','Live','Warehouse','Removed','Active','Inactive','Under_Maintenance') COLLATE utf8mb4_unicode_ci NOT NULL DEFAULT 'Active',
  `last_updated` datetime(3) DEFAULT CURRENT_TIMESTAMP(3),
  `floor_id` int DEFAULT NULL,
  `macaddress` varchar(191) COLLATE utf8mb4_unicode_ci DEFAULT NULL,
  PRIMARY KEY (`machine_id`),
  UNIQUE KEY `SlotMachine_machine_number_key` (`machine_number`),
  UNIQUE KEY `SlotMachine_macaddress_key` (`macaddress`),
  KEY `SlotMachine_machine_number_idx` (`machine_number`),
  KEY `SlotMachine_current_player_id_idx` (`current_player_id`),
  KEY `SlotMachine_floor_id_idx` (`floor_id`),
  CONSTRAINT `SlotMachine_current_player_id_fkey` FOREIGN KEY (`current_player_id`) REFERENCES `User` (`user_id`) ON DELETE SET NULL ON UPDATE CASCADE,
  CONSTRAINT `SlotMachine_floor_id_fkey` FOREIGN KEY (`floor_id`) REFERENCES `Floor` (`floor_id`) ON DELETE SET NULL ON UPDATE CASCADE
) ENGINE=InnoDB AUTO_INCREMENT=27 DEFAULT CHARSET=utf8mb4 COLLATE=utf8mb4_unicode_ci;
/*!40101 SET character_set_client = @saved_cs_client */;

--
-- Dumping data for table `SlotMachine`
--

LOCK TABLES `SlotMachine` WRITE;
/*!40000 ALTER TABLE `SlotMachine` DISABLE KEYS */;
INSERT INTO `SlotMachine` VALUES (1,'SM001','Casino Floor 1',1,1000.000000000000000000000000000000,'Live','2025-04-26 04:22:03.000',2,NULL),(2,'SM002','Casino Floor 2',2,0.000000000000000000000000000000,'Test','2025-07-30 19:58:35.816',1,NULL),(3,'SM003','Casino Floor 3',3,500.000000000000000000000000000000,'Live','2025-04-26 04:22:03.000',2,NULL),(4,'SM004','Casino VIP Section',4,800.000000000000000000000000000000,'Live','2025-04-26 04:22:03.000',1,NULL),(5,'SM005','Casino Floor 5',5,0.000000000000000000000000000000,'Removed','2025-04-26 04:22:03.000',2,NULL),(6,'SM006','Casino Floor 6',6,1300.000000000000000000000000000000,'Live','2025-04-26 04:22:03.000',1,NULL),(7,'SM007','Casino Floor 7',7,0.000000000000000000000000000000,'Test','2025-04-26 04:22:03.000',2,NULL),(8,'SM008','Casino Floor 8',8,1500.000000000000000000000000000000,'Live','2025-04-26 04:22:03.000',1,NULL),(9,'SM009','Casino VIP Section',9,1600.000000000000000000000000000000,'Live','2025-04-26 04:22:03.000',2,NULL),(10,'SM010','Casino Floor 10',10,0.000000000000000000000000000000,'Removed','2025-04-26 04:22:03.000',1,NULL),(11,'SM011','Casino Floor 11',11,1800.000000000000000000000000000000,'Live','2025-04-26 04:22:03.000',2,NULL),(12,'SM012','Casino Floor 12',12,0.000000000000000000000000000000,'Test','2025-04-26 04:22:03.000',1,NULL),(13,'SM013','Casino Floor 13',13,2000.000000000000000000000000000000,'Live','2025-04-26 04:22:03.000',2,NULL),(14,'SM014','Casino Floor 14',14,2100.000000000000000000000000000000,'Live','2025-04-26 04:22:03.000',1,NULL),(15,'SM015','Casino VIP Section',15,0.000000000000000000000000000000,'Removed','2025-04-26 04:22:03.000',2,NULL),(16,'SM016','Casino Floor 16',16,2300.000000000000000000000000000000,'Live','2025-04-26 04:22:03.000',1,NULL),(17,'SM017','Casino Floor 17',17,0.000000000000000000000000000000,'Test','2025-04-26 04:22:03.000',2,NULL),(18,'SM018','Casino Floor 18',18,2500.000000000000000000000000000000,'Live','2025-04-26 04:22:03.000',1,NULL),(19,'SM019','Casino Floor 19',19,0.000000000000000000000000000000,'Removed','2025-04-26 04:22:03.000',2,NULL),(20,'SM020','Casino VIP Section',20,2700.000000000000000000000000000000,'Live','2025-04-26 04:22:03.000',1,NULL),(21,'SM021','Casino Floor 21',21,0.000000000000000000000000000000,'Test','2025-04-26 04:22:03.000',2,NULL),(22,'SM022','Casino Floor 22',22,2900.000000000000000000000000000000,'Live','2025-04-26 04:22:03.000',1,NULL),(23,'SM023','Casino VIP Section',23,0.000000000000000000000000000000,'Removed','2025-04-26 04:22:03.000',2,NULL),(24,'SM024','Casino Floor 24',24,3100.000000000000000000000000000000,'Live','2025-04-26 04:22:03.000',1,NULL),(25,'SM025','Casino VIP Section',25,3200.000000000000000000000000000000,'Live','2025-04-26 04:22:03.000',2,NULL);
/*!40000 ALTER TABLE `SlotMachine` ENABLE KEYS */;
UNLOCK TABLES;

--
-- Table structure for table `SlotMachineConfiguration`
--

DROP TABLE IF EXISTS `SlotMachineConfiguration`;
/*!40101 SET @saved_cs_client     = @@character_set_client */;
/*!50503 SET character_set_client = utf8mb4 */;
CREATE TABLE `SlotMachineConfiguration` (
  `slot_machine_id` int NOT NULL,
  `configured` varchar(191) COLLATE utf8mb4_unicode_ci NOT NULL,
  `machine_id` varchar(191) COLLATE utf8mb4_unicode_ci DEFAULT NULL,
  `position` varchar(191) COLLATE utf8mb4_unicode_ci DEFAULT NULL,
  `asset_no` varchar(191) COLLATE utf8mb4_unicode_ci DEFAULT NULL,
  `serial_number` varchar(191) COLLATE utf8mb4_unicode_ci DEFAULT NULL,
  `external_id` varchar(191) COLLATE utf8mb4_unicode_ci DEFAULT NULL,
  `box_server` varchar(191) COLLATE utf8mb4_unicode_ci DEFAULT NULL,
  `manufacturer` varchar(191) COLLATE utf8mb4_unicode_ci DEFAULT NULL,
  `machine_model` varchar(191) COLLATE utf8mb4_unicode_ci DEFAULT NULL,
  `cabinet_type` varchar(191) COLLATE utf8mb4_unicode_ci DEFAULT NULL,
  `year_of_prod` varchar(191) COLLATE utf8mb4_unicode_ci DEFAULT NULL,
  `accounting_model` varchar(191) COLLATE utf8mb4_unicode_ci DEFAULT NULL,
  `mechanical_model` varchar(191) COLLATE utf8mb4_unicode_ci DEFAULT NULL,
  `currency` varchar(191) COLLATE utf8mb4_unicode_ci DEFAULT NULL,
  `acc_denomination` decimal(65,30) DEFAULT NULL,
  `coin_value` decimal(65,30) DEFAULT NULL,
  `system_interface` varchar(191) COLLATE utf8mb4_unicode_ci DEFAULT NULL,
  `ticketing` tinyint(1) DEFAULT '0',
  `player_tracking` tinyint(1) DEFAULT '0',
  `cashless` tinyint(1) DEFAULT '0',
  `restricted_promo` tinyint(1) DEFAULT '0',
  `founds_transfer` tinyint(1) DEFAULT '0',
  `current_bonusing_settings` varchar(191) COLLATE utf8mb4_unicode_ci DEFAULT NULL,
  `use_aft_game_lock` tinyint(1) DEFAULT '0',
  `main_game` varchar(191) COLLATE utf8mb4_unicode_ci DEFAULT NULL,
  `game_type` varchar(191) COLLATE utf8mb4_unicode_ci DEFAULT NULL,
  `max_win` int DEFAULT NULL,
  `min_denom` decimal(65,30) DEFAULT NULL,
  `max_denom` decimal(65,30) DEFAULT NULL,
  `min_bet` decimal(65,30) DEFAULT NULL,
  `max_bet` decimal(65,30) DEFAULT NULL,
  `min_rtp` decimal(65,30) DEFAULT NULL,
  `max_rtp` decimal(65,30) DEFAULT NULL,
  `id_prog_ver` varchar(191) COLLATE utf8mb4_unicode_ci DEFAULT NULL,
  `sas_game_id` varchar(191) COLLATE utf8mb4_unicode_ci DEFAULT NULL,
  `sas_paytbl_id` varchar(191) COLLATE utf8mb4_unicode_ci DEFAULT NULL,
  `rom_signature` varchar(191) COLLATE utf8mb4_unicode_ci DEFAULT NULL,
  `created_at` datetime(3) DEFAULT NULL,
  PRIMARY KEY (`slot_machine_id`),
  CONSTRAINT `SlotMachineConfiguration_slot_machine_id_fkey` FOREIGN KEY (`slot_machine_id`) REFERENCES `SlotMachine` (`machine_id`) ON DELETE CASCADE ON UPDATE CASCADE
) ENGINE=InnoDB DEFAULT CHARSET=utf8mb4 COLLATE=utf8mb4_unicode_ci;
/*!40101 SET character_set_client = @saved_cs_client */;

--
-- Dumping data for table `SlotMachineConfiguration`
--

LOCK TABLES `SlotMachineConfiguration` WRITE;
/*!40000 ALTER TABLE `SlotMachineConfiguration` DISABLE KEYS */;
INSERT INTO `SlotMachineConfiguration` VALUES (1,'Yes','SM001','Casino Floor 1','A001','SN001','EXT001','BOX001','IGT','Model-1','Upright','2021','Basic','Mech-A','USD',0.010000000000000000000000000000,0.250000000000000000000000000000,'SAS',1,1,1,0,0,'Bonus-A',0,'Game A','Slot',10000,0.010000000000000000000000000000,1.000000000000000000000000000000,0.250000000000000000000000000000,100.000000000000000000000000000000,85.000000000000000000000000000000,98.000000000000000000000000000000,'v1.0','G001','P001','R001','2025-07-18 02:09:00.000'),(2,'Yes','SM002','Casino Floor 2','A0002','SN002','EXT002','BOX002','IGT','Model-2','Slant Top','2021','Standard','Mech-B','USD',0.050000000000000000000000000000,0.500000000000000000000000000000,'SAS',0,1,0,0,1,'Bonus-B',1,'Game B','Video Slot',20000,0.050000000000000000000000000000,2.000000000000000000000000000000,0.500000000000000000000000000000,200.000000000000000000000000000000,87.000000000000000000000000000000,97.500000000000000000000000000000,'v1.1','G002','P002','R002','2025-07-18 02:09:00.000'),(3,'Yes','SM003','Casino Floor 3','A003','SN003','EXT003','BOX003','Aristocrat','Model-3','Upright','2020','Advanced','Mech-C','USD',0.100000000000000000000000000000,0.500000000000000000000000000000,'SAS',1,0,1,0,0,'Bonus-C',0,'Game C','Progressive',50000,0.100000000000000000000000000000,2.500000000000000000000000000000,0.750000000000000000000000000000,300.000000000000000000000000000000,90.000000000000000000000000000000,98.500000000000000000000000000000,'v1.2','G003','P003','R003','2025-07-18 02:09:00.000'),(4,'Yes','SM004','Casino VIP Section','A004','SN004','EXT004','BOX004','Bally','Model-4','Slant Top','2022','Standard','Mech-D','USD',0.250000000000000000000000000000,1.000000000000000000000000000000,'SAS',1,1,0,1,1,'Bonus-D',1,'Game D','Slot',30000,0.250000000000000000000000000000,3.000000000000000000000000000000,1.000000000000000000000000000000,500.000000000000000000000000000000,92.000000000000000000000000000000,99.000000000000000000000000000000,'v1.3','G004','P004','R004','2025-07-18 02:09:00.000'),(5,'Yes','SM005','Casino Floor 5','A005','SN005','EXT005','BOX005','IGT','Model-5','Upright','2020','Basic','Mech-E','USD',0.010000000000000000000000000000,0.100000000000000000000000000000,'SAS',0,0,0,0,0,'Bonus-E',0,'Game E','Slot',8000,0.010000000000000000000000000000,0.500000000000000000000000000000,0.100000000000000000000000000000,150.000000000000000000000000000000,84.000000000000000000000000000000,97.000000000000000000000000000000,'v1.0','G005','P005','R005','2025-07-18 02:09:00.000'),(6,'Yes','SM006','Casino Floor 6','A006','SN006','EXT006','BOX006','Aristocrat','Model-6','Slant Top','2019','Standard','Mech-F','USD',0.050000000000000000000000000000,0.250000000000000000000000000000,'SAS',1,0,0,1,0,'Bonus-F',1,'Game F','Reel',12000,0.050000000000000000000000000000,1.000000000000000000000000000000,0.250000000000000000000000000000,175.000000000000000000000000000000,86.000000000000000000000000000000,98.200000000000000000000000000000,'v1.1','G006','P006','R006','2025-07-18 02:09:00.000'),(7,'Yes','SM007','Casino Floor 7','A007','SN007','EXT007','BOX007','Bally','Model-7','Upright','2022','Advanced','Mech-G','USD',0.100000000000000000000000000000,0.500000000000000000000000000000,'SAS',0,1,1,0,0,'Bonus-G',0,'Game G','Video Slot',18000,0.100000000000000000000000000000,2.000000000000000000000000000000,0.500000000000000000000000000000,250.000000000000000000000000000000,88.500000000000000000000000000000,97.800000000000000000000000000000,'v1.4','G007','P007','R007','2025-07-18 02:09:00.000'),(8,'Yes','SM008','Casino Floor 8','A008','SN008','EXT008','BOX008','IGT','Model-8','Slant Top','2021','Standard','Mech-H','USD',0.010000000000000000000000000000,0.100000000000000000000000000000,'SAS',1,1,0,0,1,'Bonus-H',0,'Game H','Slot',10000,0.010000000000000000000000000000,0.500000000000000000000000000000,0.150000000000000000000000000000,125.000000000000000000000000000000,85.500000000000000000000000000000,98.000000000000000000000000000000,'v1.0','G008','P008','R008','2025-07-18 02:09:00.000'),(9,'Yes','SM009','Casino VIP Section','A009','SN009','EXT009','BOX009','Novomatic','Model-9','Upright','2019','Standard','Mech-I','USD',0.050000000000000000000000000000,0.250000000000000000000000000000,'SAS',0,0,1,1,1,'Bonus-I',1,'Game I','Progressive',60000,0.050000000000000000000000000000,1.000000000000000000000000000000,0.300000000000000000000000000000,220.000000000000000000000000000000,89.000000000000000000000000000000,99.100000000000000000000000000000,'v1.2','G009','P009','R009','2025-07-18 02:09:00.000'),(10,'Yes','SM010','Casino Floor 10','A010','SN010','EXT010','BOX010','IGT','Model-10','Slant Top','2020','Basic','Mech-J','USD',0.100000000000000000000000000000,0.500000000000000000000000000000,'SAS',1,1,1,0,0,'Bonus-J',0,'Game J','Slot',15000,0.100000000000000000000000000000,1.500000000000000000000000000000,0.400000000000000000000000000000,190.000000000000000000000000000000,86.500000000000000000000000000000,98.700000000000000000000000000000,'v1.1','G010','P010','R010','2025-07-18 02:09:00.000'),(11,'Yes','SM011','Casino Floor 11','A011','SN011','EXT011','BOX011','Bally','Model-11','Upright','2022','Standard','Mech-K','USD',0.250000000000000000000000000000,1.000000000000000000000000000000,'SAS',0,0,0,0,0,'Bonus-K',0,'Game K','Video Slot',10000,0.250000000000000000000000000000,2.500000000000000000000000000000,0.750000000000000000000000000000,210.000000000000000000000000000000,87.000000000000000000000000000000,97.000000000000000000000000000000,'v1.2','G011','P011','R011','2025-07-18 02:09:00.000'),(12,'Yes','SM012','Casino Floor 12','A012','SN012','EXT012','BOX012','IGT','Model-12','Slant Top','2020','Advanced','Mech-L','USD',0.050000000000000000000000000000,0.250000000000000000000000000000,'SAS',1,1,0,0,1,'Bonus-L',1,'Game L','Slot',20000,0.050000000000000000000000000000,2.000000000000000000000000000000,0.500000000000000000000000000000,220.000000000000000000000000000000,90.000000000000000000000000000000,98.400000000000000000000000000000,'v1.3','G012','P012','R012','2025-07-18 02:09:00.000'),(13,'Yes','SM013','Casino Floor 13','A013','SN013','EXT013','BOX013','Aristocrat','Model-13','Upright','2021','Standard','Mech-M','USD',0.100000000000000000000000000000,0.500000000000000000000000000000,'SAS',0,0,1,1,0,'Bonus-M',0,'Game M','Progressive',40000,0.100000000000000000000000000000,2.500000000000000000000000000000,0.600000000000000000000000000000,300.000000000000000000000000000000,91.000000000000000000000000000000,98.900000000000000000000000000000,'v1.4','G013','P013','R013','2025-07-18 02:09:00.000'),(14,'Yes','SM014','Casino Floor 14','A014','SN014','EXT014','BOX014','Bally','Model-14','Slant Top','2022','Advanced','Mech-N','USD',0.010000000000000000000000000000,0.250000000000000000000000000000,'SAS',1,1,0,0,0,'Bonus-N',0,'Game N','Slot',9000,0.010000000000000000000000000000,1.000000000000000000000000000000,0.300000000000000000000000000000,160.000000000000000000000000000000,85.200000000000000000000000000000,97.200000000000000000000000000000,'v1.0','G014','P014','R014','2025-07-18 02:09:00.000'),(15,'Yes','SM015','Casino VIP Section','A015','SN015','EXT015','BOX015','IGT','Model-15','Upright','2020','Standard','Mech-O','USD',0.100000000000000000000000000000,0.500000000000000000000000000000,'SAS',1,0,1,1,1,'Bonus-O',1,'Game O','Video Slot',50000,0.100000000000000000000000000000,3.000000000000000000000000000000,0.750000000000000000000000000000,320.000000000000000000000000000000,92.500000000000000000000000000000,99.300000000000000000000000000000,'v1.5','G015','P015','R015','2025-07-18 02:09:00.000'),(16,'Yes','SM016','Casino Floor 16','A016','SN016','EXT016','BOX016','Novomatic','Model-16','Upright','2019','Basic','Mech-P','USD',0.250000000000000000000000000000,1.000000000000000000000000000000,'SAS',0,0,0,0,0,'Bonus-P',0,'Game P','Slot',15000,0.250000000000000000000000000000,2.000000000000000000000000000000,0.600000000000000000000000000000,240.000000000000000000000000000000,86.000000000000000000000000000000,97.800000000000000000000000000000,'v1.0','G016','P016','R016','2025-07-18 02:09:00.000'),(17,'Yes','SM017','Casino Floor 17','A017','SN017','EXT017','BOX017','IGT','Model-17','Slant Top','2021','Advanced','Mech-Q','USD',0.100000000000000000000000000000,0.500000000000000000000000000000,'SAS',1,1,1,0,1,'Bonus-Q',1,'Game Q','Reel',25000,0.100000000000000000000000000000,2.000000000000000000000000000000,0.500000000000000000000000000000,260.000000000000000000000000000000,88.000000000000000000000000000000,98.500000000000000000000000000000,'v1.2','G017','P017','R017','2025-07-18 02:09:00.000'),(18,'Yes','SM018','Casino Floor 18','A018','SN018','EXT018','BOX018','Aristocrat','Model-18','Upright','2020','Standard','Mech-R','USD',0.050000000000000000000000000000,0.250000000000000000000000000000,'SAS',0,1,1,1,0,'Bonus-R',0,'Game R','Video Slot',22000,0.050000000000000000000000000000,1.500000000000000000000000000000,0.450000000000000000000000000000,180.000000000000000000000000000000,89.500000000000000000000000000000,97.500000000000000000000000000000,'v1.3','G018','P018','R018','2025-07-18 02:09:00.000'),(19,'Yes','SM019','Casino Floor 19','A019','SN019','EXT019','BOX019','Bally','Model-19','Slant Top','2022','Standard','Mech-S','USD',0.100000000000000000000000000000,0.500000000000000000000000000000,'SAS',1,0,0,0,1,'Bonus-S',0,'Game S','Slot',18000,0.100000000000000000000000000000,2.500000000000000000000000000000,0.550000000000000000000000000000,240.000000000000000000000000000000,87.000000000000000000000000000000,97.900000000000000000000000000000,'v1.4','G019','P019','R019','2025-07-18 02:09:00.000'),(20,'Yes','SM020','Casino VIP Section','A020','SN020','EXT020','BOX020','IGT','Model-20','Upright','2021','Advanced','Mech-T','USD',0.010000000000000000000000000000,0.100000000000000000000000000000,'SAS',1,1,1,1,0,'Bonus-T',1,'Game T','Progressive',60000,0.010000000000000000000000000000,1.000000000000000000000000000000,0.200000000000000000000000000000,220.000000000000000000000000000000,91.000000000000000000000000000000,99.200000000000000000000000000000,'v1.5','G020','P020','R020','2025-07-18 02:09:00.000'),(21,'Yes','SM021','Casino Floor 21','A021','SN021','EXT021','BOX021','IGT','Model-21','Slant Top','2020','Basic','Mech-U','USD',0.100000000000000000000000000000,0.500000000000000000000000000000,'SAS',0,0,0,1,1,'Bonus-U',0,'Game U','Slot',14000,0.100000000000000000000000000000,1.500000000000000000000000000000,0.450000000000000000000000000000,210.000000000000000000000000000000,85.500000000000000000000000000000,97.300000000000000000000000000000,'v1.0','G021','P021','R021','2025-07-18 02:09:00.000'),(22,'Yes','SM022','Casino Floor 22','A022','SN022','EXT022','BOX022','Aristocrat','Model-22','Upright','2021','Advanced','Mech-V','USD',0.050000000000000000000000000000,0.250000000000000000000000000000,'SAS',1,1,0,0,0,'Bonus-V',1,'Game V','Slot',17000,0.050000000000000000000000000000,2.000000000000000000000000000000,0.600000000000000000000000000000,230.000000000000000000000000000000,88.000000000000000000000000000000,98.000000000000000000000000000000,'v1.1','G022','P022','R022','2025-07-18 02:09:00.000'),(23,'Yes','SM023','Casino VIP Section','A023','SN023','EXT023','BOX023','Bally','Model-23','Slant Top','2022','Standard','Mech-W','USD',0.250000000000000000000000000000,1.000000000000000000000000000000,'SAS',1,0,1,0,0,'Bonus-W',0,'Game W','Video Slot',70000,0.250000000000000000000000000000,3.000000000000000000000000000000,1.000000000000000000000000000000,400.000000000000000000000000000000,90.500000000000000000000000000000,98.900000000000000000000000000000,'v1.6','G023','P023','R023','2025-07-18 02:09:00.000'),(24,'Yes','SM024','Casino Floor 24','A024','SN024','EXT024','BOX024','IGT','Model-24','Upright','2021','Advanced','Mech-X','USD',0.010000000000000000000000000000,0.100000000000000000000000000000,'SAS',1,1,1,1,1,'Bonus-X',1,'Game X','Slot',10000,0.010000000000000000000000000000,1.000000000000000000000000000000,0.300000000000000000000000000000,150.000000000000000000000000000000,86.500000000000000000000000000000,98.600000000000000000000000000000,'v1.7','G024','P024','R024','2025-07-18 02:09:00.000'),(25,'Yes','SM025','Casino VIP Section','A025','SN025','EXT025','BOX025','Aristocrat','Model-25','Slant Top','2022','Advanced','Mech-Y','USD',0.100000000000000000000000000000,0.500000000000000000000000000000,'SAS',0,0,0,0,0,'Bonus-Y',0,'Game Y','Slot',50000,0.100000000000000000000000000000,2.500000000000000000000000000000,0.800000000000000000000000000000,275.000000000000000000000000000000,89.000000000000000000000000000000,99.000000000000000000000000000000,'v1.9','G025','P025','R025','2025-07-18 02:09:00.000');
/*!40000 ALTER TABLE `SlotMachineConfiguration` ENABLE KEYS */;
UNLOCK TABLES;

--
-- Table structure for table `Table`
--

DROP TABLE IF EXISTS `Table`;
/*!40101 SET @saved_cs_client     = @@character_set_client */;
/*!50503 SET character_set_client = utf8mb4 */;
CREATE TABLE `Table` (
  `table_id` int NOT NULL AUTO_INCREMENT,
  `name` varchar(191) COLLATE utf8mb4_unicode_ci NOT NULL,
  `status` enum('OPEN','CLOSED') COLLATE utf8mb4_unicode_ci NOT NULL DEFAULT 'CLOSED',
  `chip_balance` decimal(65,30) NOT NULL DEFAULT '0.000000000000000000000000000000',
  `opening_chip_balance` decimal(65,30) NOT NULL DEFAULT '0.000000000000000000000000000000',
  `last_change` datetime(3) DEFAULT NULL,
  `changed_by` int DEFAULT NULL,
  `gaming_day_id` int NOT NULL,
  `floor_id` int DEFAULT '0',
  `cash_drop_balance` decimal(65,30) NOT NULL DEFAULT '0.000000000000000000000000000000',
  PRIMARY KEY (`table_id`),
  KEY `Table_gaming_day_id_idx` (`gaming_day_id`),
  KEY `Table_changed_by_idx` (`changed_by`),
  CONSTRAINT `Table_changed_by_fkey` FOREIGN KEY (`changed_by`) REFERENCES `User` (`user_id`) ON DELETE SET NULL ON UPDATE CASCADE,
  CONSTRAINT `Table_gaming_day_id_fkey` FOREIGN KEY (`gaming_day_id`) REFERENCES `GamingDay` (`gaming_day_id`) ON DELETE RESTRICT ON UPDATE CASCADE
) ENGINE=InnoDB AUTO_INCREMENT=5 DEFAULT CHARSET=utf8mb4 COLLATE=utf8mb4_unicode_ci;
/*!40101 SET character_set_client = @saved_cs_client */;

--
-- Dumping data for table `Table`
--

LOCK TABLES `Table` WRITE;
/*!40000 ALTER TABLE `Table` DISABLE KEYS */;
INSERT INTO `Table` VALUES (1,'Table 1','OPEN',1500.000000000000000000000000000000,1000.000000000000000000000000000000,'2025-08-27 10:00:00.000',1,1,1,0.000000000000000000000000000000),(2,'TABLE 2','CLOSED',0.000000000000000000000000000000,0.000000000000000000000000000000,'2025-11-03 21:10:47.393',NULL,27,2,0.000000000000000000000000000000),(4,'TABLE 3','CLOSED',0.000000000000000000000000000000,0.000000000000000000000000000000,'2025-11-03 21:14:20.004',NULL,27,3,0.000000000000000000000000000000);
/*!40000 ALTER TABLE `Table` ENABLE KEYS */;
UNLOCK TABLES;

--
-- Table structure for table `TITO`
--

DROP TABLE IF EXISTS `TITO`;
/*!40101 SET @saved_cs_client     = @@character_set_client */;
/*!50503 SET character_set_client = utf8mb4 */;
CREATE TABLE `TITO` (
  `tito_id` int NOT NULL AUTO_INCREMENT,
  `machine_id` int NOT NULL,
  `unique_identifier` varchar(191) COLLATE utf8mb4_unicode_ci NOT NULL,
  `barcode` varchar(191) COLLATE utf8mb4_unicode_ci NOT NULL,
  `amount` decimal(65,30) NOT NULL,
  `issued_at` datetime(3) DEFAULT CURRENT_TIMESTAMP(3),
  `redeemed_at` datetime(3) DEFAULT NULL,
  `status` enum('Generated','Redeemed','Expired') COLLATE utf8mb4_unicode_ci NOT NULL DEFAULT 'Generated',
  `issued_location` varchar(191) COLLATE utf8mb4_unicode_ci DEFAULT NULL,
  `redeemed_location` varchar(191) COLLATE utf8mb4_unicode_ci DEFAULT NULL,
  `valid_upto` datetime(3) DEFAULT NULL,
  PRIMARY KEY (`tito_id`),
  UNIQUE KEY `TITO_unique_identifier_key` (`unique_identifier`),
  UNIQUE KEY `TITO_barcode_key` (`barcode`),
  KEY `TITO_unique_identifier_idx` (`unique_identifier`)
) ENGINE=InnoDB AUTO_INCREMENT=30 DEFAULT CHARSET=utf8mb4 COLLATE=utf8mb4_unicode_ci;
/*!40101 SET character_set_client = @saved_cs_client */;

--
-- Dumping data for table `TITO`
--

LOCK TABLES `TITO` WRITE;
/*!40000 ALTER TABLE `TITO` DISABLE KEYS */;
INSERT INTO `TITO` VALUES (1,1,'TITO001','BARCODE123',100.000000000000000000000000000000,'2025-04-26 04:22:03.000',NULL,'Generated',NULL,NULL,NULL),(2,2,'TITO002','BARCODE124',200.000000000000000000000000000000,'2025-04-26 04:22:03.000',NULL,'Generated',NULL,NULL,NULL),(3,3,'TITO003','BARCODE125',150.000000000000000000000000000000,'2025-04-26 04:22:03.000',NULL,'Redeemed',NULL,NULL,NULL),(4,4,'TITO004','BARCODE126',300.000000000000000000000000000000,'2025-04-26 04:22:03.000',NULL,'Generated',NULL,NULL,NULL),(5,5,'TITO005','BARCODE127',50.000000000000000000000000000000,'2025-04-26 04:22:03.000',NULL,'Expired',NULL,NULL,NULL),(6,6,'TITO006','BARCODE128',400.000000000000000000000000000000,'2025-04-26 04:22:03.000',NULL,'Generated',NULL,NULL,NULL),(7,7,'TITO007','BARCODE129',500.000000000000000000000000000000,'2025-04-26 04:22:03.000',NULL,'Redeemed',NULL,NULL,NULL),(8,8,'TITO008','BARCODE130',600.000000000000000000000000000000,'2025-04-26 04:22:03.000',NULL,'Expired',NULL,NULL,NULL),(9,9,'TITO009','BARCODE131',700.000000000000000000000000000000,'2025-04-26 04:22:03.000',NULL,'Generated',NULL,NULL,NULL),(10,10,'TITO010','BARCODE132',800.000000000000000000000000000000,'2025-04-26 04:22:03.000',NULL,'Redeemed',NULL,NULL,NULL),(11,11,'TITO011','BARCODE133',900.000000000000000000000000000000,'2025-04-26 04:22:03.000',NULL,'Expired',NULL,NULL,NULL),(12,12,'TITO012','BARCODE134',1000.000000000000000000000000000000,'2025-04-26 04:22:03.000',NULL,'Generated',NULL,NULL,NULL),(13,13,'TITO013','BARCODE135',1100.000000000000000000000000000000,'2025-04-26 04:22:03.000',NULL,'Redeemed',NULL,NULL,NULL),(14,14,'TITO014','BARCODE136',1200.000000000000000000000000000000,'2025-04-26 04:22:03.000',NULL,'Generated',NULL,NULL,NULL),(15,15,'TITO015','BARCODE137',1300.000000000000000000000000000000,'2025-04-26 04:22:03.000',NULL,'Expired',NULL,NULL,NULL),(16,16,'TITO016','BARCODE138',1400.000000000000000000000000000000,'2025-04-26 04:22:03.000',NULL,'Generated',NULL,NULL,NULL),(17,17,'TITO017','BARCODE139',1500.000000000000000000000000000000,'2025-04-26 04:22:03.000',NULL,'Redeemed',NULL,NULL,NULL),(18,18,'TITO018','BARCODE140',1600.000000000000000000000000000000,'2025-04-26 04:22:03.000',NULL,'Expired',NULL,NULL,NULL),(19,19,'TITO019','BARCODE141',1700.000000000000000000000000000000,'2025-04-26 04:22:03.000',NULL,'Generated',NULL,NULL,NULL),(20,20,'TITO020','BARCODE142',1800.000000000000000000000000000000,'2025-04-26 04:22:03.000',NULL,'Redeemed',NULL,NULL,NULL),(21,21,'TITO021','BARCODE143',1900.000000000000000000000000000000,'2025-04-26 04:22:03.000',NULL,'Generated',NULL,NULL,NULL),(22,22,'TITO022','BARCODE144',2000.000000000000000000000000000000,'2025-04-26 04:22:03.000',NULL,'Expired',NULL,NULL,'2025-12-24 18:26:32.792'),(23,23,'TITO023','BARCODE145',2100.000000000000000000000000000000,'2025-04-26 04:22:03.000',NULL,'Generated',NULL,NULL,NULL),(24,24,'TITO024','BARCODE146',2200.000000000000000000000000000000,'2025-04-26 04:22:03.000',NULL,'Redeemed',NULL,NULL,NULL),(25,25,'TITO025','BARCODE147',500.000000000000000000000000000000,'2025-04-26 04:22:03.000',NULL,'Generated',NULL,NULL,NULL),(26,0,'Mv6UzctntjFjnHhQ','FnmCDtYaRkSGvhXG',1000.000000000000000000000000000000,'2025-12-22 18:59:30.318',NULL,'Generated','Cage 5',NULL,'2026-01-21 18:59:30.318'),(27,0,'0uKELorwQkKIpO0r','W5DPWFMUAXLLDVSK',5000.000000000000000000000000000000,'2025-12-22 19:01:07.542','2025-12-24 18:26:32.792','Redeemed','Cage 5','Cage 3','2026-01-21 19:01:07.542'),(28,0,'OkK8fknSMtvP9b8g','G9PRHTTDNXJWBRWY',500.000000000000000000000000000000,'2025-12-22 19:01:39.332',NULL,'Generated','Cage 5',NULL,'2026-01-21 19:01:39.332'),(29,0,'Nyje0YETOkJpG1uF','P8YTMNV24X647NIG',3000.000000000000000000000000000000,'2025-12-22 19:41:08.251',NULL,'Generated','Cage 5',NULL,'2026-01-21 19:41:08.251');
/*!40000 ALTER TABLE `TITO` ENABLE KEYS */;
UNLOCK TABLES;

--
-- Table structure for table `Transaction`
--

DROP TABLE IF EXISTS `Transaction`;
/*!40101 SET @saved_cs_client     = @@character_set_client */;
/*!50503 SET character_set_client = utf8mb4 */;
CREATE TABLE `Transaction` (
  `transaction_id` int NOT NULL AUTO_INCREMENT,
  `card_id` int DEFAULT NULL,
  `transaction_type` enum('Credit','Debit','Encash','Balance_Inquiry') COLLATE utf8mb4_unicode_ci NOT NULL,
  `amount` decimal(65,30) NOT NULL,
  `payment_method` enum('Cash','Chips','UPI','Credit_Debit_Card','TITO','VAULT_TRANSFER') COLLATE utf8mb4_unicode_ci NOT NULL,
  `transaction_status` enum('Pending','Completed','Failed') COLLATE utf8mb4_unicode_ci NOT NULL DEFAULT 'Pending',
  `timestamp` datetime(3) DEFAULT CURRENT_TIMESTAMP(3),
  `location` varchar(191) COLLATE utf8mb4_unicode_ci DEFAULT NULL,
  PRIMARY KEY (`transaction_id`),
  KEY `Transaction_card_id_idx` (`card_id`),
  CONSTRAINT `Transaction_card_id_fkey` FOREIGN KEY (`card_id`) REFERENCES `PlayerCard` (`card_id`) ON DELETE SET NULL ON UPDATE CASCADE
) ENGINE=InnoDB AUTO_INCREMENT=26 DEFAULT CHARSET=utf8mb4 COLLATE=utf8mb4_unicode_ci;
/*!40101 SET character_set_client = @saved_cs_client */;

--
-- Dumping data for table `Transaction`
--

LOCK TABLES `Transaction` WRITE;
/*!40000 ALTER TABLE `Transaction` DISABLE KEYS */;
INSERT INTO `Transaction` VALUES (1,1,'Credit',100.000000000000000000000000000000,'Cash','Completed','2025-04-26 04:22:03.000',NULL),(2,2,'Debit',200.000000000000000000000000000000,'Chips','Pending','2025-04-26 04:22:03.000',NULL),(3,3,'Encash',150.000000000000000000000000000000,'TITO','Completed','2025-04-26 04:22:03.000',NULL),(4,4,'Balance_Inquiry',0.000000000000000000000000000000,'UPI','Completed','2025-04-26 04:22:03.000',NULL),(5,5,'Credit',300.000000000000000000000000000000,'Credit_Debit_Card','Failed','2025-04-26 04:22:03.000',NULL),(6,6,'Debit',400.000000000000000000000000000000,'Cash','Completed','2025-04-26 04:22:03.000',NULL),(7,7,'Encash',500.000000000000000000000000000000,'Chips','Pending','2025-04-26 04:22:03.000',NULL),(8,8,'Credit',600.000000000000000000000000000000,'TITO','Completed','2025-04-26 04:22:03.000',NULL),(9,9,'Balance_Inquiry',0.000000000000000000000000000000,'UPI','Pending','2025-04-26 04:22:03.000',NULL),(10,10,'Debit',700.000000000000000000000000000000,'Credit_Debit_Card','Failed','2025-04-26 04:22:03.000',NULL),(11,11,'Encash',800.000000000000000000000000000000,'Chips','Completed','2025-04-26 04:22:03.000',NULL),(12,12,'Credit',900.000000000000000000000000000000,'Cash','Completed','2025-04-26 04:22:03.000',NULL),(13,13,'Debit',1000.000000000000000000000000000000,'TITO','Pending','2025-04-26 04:22:03.000',NULL),(14,14,'Balance_Inquiry',0.000000000000000000000000000000,'UPI','Completed','2025-04-26 04:22:03.000',NULL),(15,15,'Encash',1100.000000000000000000000000000000,'Chips','Completed','2025-04-26 04:22:03.000',NULL),(16,16,'Credit',1200.000000000000000000000000000000,'Credit_Debit_Card','Failed','2025-04-26 04:22:03.000',NULL),(17,17,'Debit',1300.000000000000000000000000000000,'Cash','Pending','2025-04-26 04:22:03.000',NULL),(18,18,'Encash',1400.000000000000000000000000000000,'TITO','Completed','2025-04-26 04:22:03.000',NULL),(19,19,'Balance_Inquiry',0.000000000000000000000000000000,'UPI','Pending','2025-04-26 04:22:03.000',NULL),(20,20,'Debit',1500.000000000000000000000000000000,'Chips','Failed','2025-04-26 04:22:03.000',NULL),(21,21,'Encash',1600.000000000000000000000000000000,'Cash','Completed','2025-04-26 04:22:03.000',NULL),(22,22,'Credit',1700.000000000000000000000000000000,'TITO','Completed','2025-04-26 04:22:03.000',NULL),(23,23,'Debit',1800.000000000000000000000000000000,'Chips','Pending','2025-04-26 04:22:03.000',NULL),(24,24,'Encash',1900.000000000000000000000000000000,'Credit_Debit_Card','Completed','2025-04-26 04:22:03.000',NULL),(25,25,'Balance_Inquiry',0.000000000000000000000000000000,'UPI','Failed','2025-04-26 04:22:03.000',NULL);
/*!40000 ALTER TABLE `Transaction` ENABLE KEYS */;
UNLOCK TABLES;

--
-- Table structure for table `User`
--

DROP TABLE IF EXISTS `User`;
/*!40101 SET @saved_cs_client     = @@character_set_client */;
/*!50503 SET character_set_client = utf8mb4 */;
CREATE TABLE `User` (
  `user_id` int NOT NULL AUTO_INCREMENT,
  `full_name` varchar(191) COLLATE utf8mb4_unicode_ci NOT NULL,
  `address` varchar(191) COLLATE utf8mb4_unicode_ci DEFAULT NULL,
  `date_of_birth` datetime(3) DEFAULT NULL,
  `govt_id_number` varchar(191) COLLATE utf8mb4_unicode_ci DEFAULT NULL,
  `govt_id_type` enum('Aadhar','Aadhaar','PAN','Passport','Driving_License') COLLATE utf8mb4_unicode_ci DEFAULT NULL,
  `photo_url` varchar(191) COLLATE utf8mb4_unicode_ci DEFAULT NULL,
  `email` varchar(191) COLLATE utf8mb4_unicode_ci DEFAULT NULL,
  `phone` varchar(191) COLLATE utf8mb4_unicode_ci NOT NULL,
  `role` enum('Player','Reception_Executive','Reception_Sr_Executive','Reception_Supervisor','Cage_Executive','Cage_Supervisor','Cage_Manager','Slot_Executive','Slot_Supervisor','Slot_Manager','Pit_Supervisor','Sr_Pit_Manager','Shift_Manager','Casino_Asst_Manager','Casino_Manager','Admin','Super_Admin','Technical_Executive','Counter_Operator','Receptionist','SuperAdmin','Technical','Dealer','Inspector') COLLATE utf8mb4_unicode_ci NOT NULL,
  `status` enum('Active','Inactive','Banned') COLLATE utf8mb4_unicode_ci NOT NULL DEFAULT 'Active',
  `created_at` datetime(3) NOT NULL DEFAULT CURRENT_TIMESTAMP(3),
  PRIMARY KEY (`user_id`),
  UNIQUE KEY `User_phone_key` (`phone`),
  UNIQUE KEY `User_govt_id_number_key` (`govt_id_number`),
  UNIQUE KEY `User_email_key` (`email`)
) ENGINE=InnoDB AUTO_INCREMENT=56 DEFAULT CHARSET=utf8mb4 COLLATE=utf8mb4_unicode_ci;
/*!40101 SET character_set_client = @saved_cs_client */;

--
-- Dumping data for table `User`
--

LOCK TABLES `User` WRITE;
/*!40000 ALTER TABLE `User` DISABLE KEYS */;
INSERT INTO `User` VALUES (1,'John Doe','123 Main St, Springfield','1985-06-12 00:00:00.000','PAN1234ABCD','PAN','/uploads/user-documents/v3ld86vsts8v2boya1dnpui86.jpg','john.doe@example.com','9999911111','Player','Active','2025-04-26 04:20:59.000'),(2,'Jane Silva','456 Park Ave, Springfield','1980-02-23 00:00:00.000','Aadhar9876EFGH','Aadhaar',NULL,'jane.supervisor@example.com','8888811111','Cage_Supervisor','Active','2025-04-26 04:20:59.000'),(3,'Sam Smith','789 Oak Rd, Springfield','1990-05-15 00:00:00.000','PASS1234XY','Passport',NULL,'sam.smith@example.com','7777711111','Admin','Active','2025-04-26 04:20:59.000'),(4,'Alex Cage','234 Elm St, Springfield','1992-08-19 00:00:00.000','DRIV5678IJKL','Driving_License',NULL,'alex.cage@example.com','6666611111','Cage_Manager','Active','2025-04-26 04:20:59.000'),(5,'Rachel Tech','345 Pine St, Springfield','1995-09-25 00:00:00.000','Aadhar9877MNOP','Aadhaar',NULL,'rachel.tech@example.com','5555511111','Technical_Executive','Active','2025-04-26 04:20:59.000'),(6,'Michael Clark','543 Pine St, Springfield','1983-04-15 00:00:00.000','PAN5678QRST','PAN',NULL,'michael.clark@example.com','4444411111','Player','Active','2025-04-26 04:20:59.000'),(7,'Laura Baker','876 Maple Rd, Springfield','1987-11-02 00:00:00.000','PASS3456UVWX','Passport',NULL,'laura.baker@example.com','3333311111','Cage_Executive','Active','2025-04-26 04:20:59.000'),(8,'David Martin','555 Oak St, Springfield','1984-09-10 00:00:00.000','Aadhar6589YZAB','Aadhaar',NULL,'david.martin@example.com','2222211111','Slot_Supervisor','Active','2025-04-26 04:20:59.000'),(9,'Emily Johnson','765 Birch Ave, Springfield','1992-02-28 00:00:00.000','DRIV4582CDEF','Driving_License',NULL,'emily.johnson@example.com','1111111111','Reception_Executive','Inactive','2025-04-26 04:20:59.000'),(10,'Chris Davis','342 Ash Ln, Springfield','1990-01-25 00:00:00.000','PAN7834IJKL','PAN',NULL,'chris.davis@example.com','5555591111','Player','Active','2025-04-26 04:20:59.000'),(11,'Sarah Adams','678 Elm Ave, Springfield','1994-07-18 00:00:00.000','Aadhar0987LMNO','Aadhaar',NULL,'sarah.adams@example.com','4433221111','Player','Inactive','2025-04-26 04:20:59.000'),(12,'Matthew Lee','234 Pine Rd, Springfield','1986-03-13 00:00:00.000','PAN4567PQR','PAN',NULL,'matthew.lee@example.com','5544331111','Casino_Manager','Active','2025-04-26 04:20:59.000'),(13,'Sophia Wilson','345 Oak Blvd, Springfield','1991-05-21 00:00:00.000','DRIV6543STUV','Driving_License',NULL,'sophia.wilson@example.com','6655441111','Dealer','Active','2025-04-26 04:20:59.000'),(14,'Daniel Jackson','456 Maple Blvd, Springfield','1993-08-19 00:00:00.000','Aadhar4532ZABC','Aadhaar',NULL,'daniel.jackson@example.com','7777712345','Super_Admin','Active','2025-04-26 04:20:59.000'),(15,'James Taylor','567 Birch Rd, Springfield','1990-12-30 00:00:00.000','PASS4321WXYZ','Passport',NULL,'james.taylor@example.com','8888899876','Slot_Executive','Active','2025-04-26 04:20:59.000'),(16,'Olivia White','321 Oak Rd, Springfield','1994-06-17 00:00:00.000','PAN5678XZYZ','PAN',NULL,'olivia.white@example.com','9999912345','Player','Inactive','2025-04-26 04:20:59.000'),(17,'Lucas Brown','876 Birch Rd, Springfield','1991-09-01 00:00:00.000','Aadhar4537LMNP','Aadhaar',NULL,'lucas.brown@example.com','4444412345','Player','Active','2025-04-26 04:20:59.000'),(18,'Mia Harris','543 Pine Blvd, Springfield','1995-03-15 00:00:00.000','PAN1237CDTF','PAN',NULL,'mia.harris@example.com','5555599876','Inspector','Active','2025-04-26 04:20:59.000'),(19,'Liam Walker','234 Oak Blvd, Springfield','1988-04-10 00:00:00.000','DRIV9871LMN','Driving_License',NULL,'liam.walker@example.com','3333398765','Cage_Executive','Active','2025-04-26 04:20:59.000'),(20,'Ella Robinson','987 Maple Rd, Springfield','1992-10-17 00:00:00.000','Aadhar6789XYP','Aadhaar',NULL,'ella.robinson@example.com','5555512345','Reception_Supervisor','Inactive','2025-04-26 04:20:59.000'),(21,'William Lewis','345 Pine Blvd, Springfield','1990-07-09 00:00:00.000','PAN6789LMNO','PAN',NULL,'william.lewis@example.com','2222298765','Pit_Supervisor','Active','2025-04-26 04:20:59.000'),(22,'Isabella Scott','654 Maple Rd, Springfield','1989-11-20 00:00:00.000','PASS9832STUV','Passport',NULL,'isabella.scott@example.com','6666698765','Reception_Sr_Executive','Active','2025-04-26 04:20:59.000'),(23,'Ethan Young','567 Birch Blvd, Springfield','1993-05-15 00:00:00.000','Aadhar1234ABCD','Aadhaar',NULL,'ethan.young@example.com','4444455555','Player','Active','2025-04-26 04:20:59.000'),(24,'Chloe King','123 Maple Rd, Springfield','1987-10-09 00:00:00.000','PAN2345QRST','PAN',NULL,'chloe.king@example.com','9999922222','Admin','Active','2025-04-26 04:20:59.000'),(25,'Alexander Martinez','789 Oak Blvd, Springfield','1992-12-14 00:00:00.000','DRIV5674GHIJ','Driving_License',NULL,'alexander.martinez@example.com','6666612345','Cage_Executive','Active','2025-04-26 04:20:59.000'),(34,'Sandesh','Pune','2012-10-10 00:00:00.000','123456789012','Aadhaar','/uploads/user-documents/kir5k493gkjaaunzzpfghf6z3.svg','Test@gmail.com','6348726398','Player','Active','2025-08-29 20:01:56.724'),(36,'Sandesh 3','Pune 3','2012-01-10 00:00:00.000','43242342352332','Aadhaar','/uploads/user-documents/cj1o8pv9on0kksxxrc0wo4efn.svg','ajuqaimtrx@mailpwr.com','4543635665','Player','Active','2025-08-29 20:44:49.616'),(37,'Sandesh 4','Pune 4','2001-10-10 00:00:00.000','323244','Aadhaar','/uploads/user-documents/h2yfqpvjbr7snhw4ah24p7opz.svg','ssds@gmail.com','3434543654','Player','Active','2025-08-29 20:59:38.027'),(38,'Sandesh 4','Pune 4','1991-02-20 00:00:00.000','3423545','Aadhaar','/uploads/user-documents/ft92dy3byqmuem0ccinoiokl2.svg','342efgd@gmail.com','7864958634','Player','Active','2025-08-29 21:01:21.768'),(39,'Sandesh five','Pune 5','2000-10-10 00:00:00.000','234234','Aadhaar','/uploads/user-documents/xg6yfy2h8eh64m2ute4ejzunq.svg','admin343@admin.com','4534665656','Player','Active','2025-08-29 21:08:57.932'),(55,'Sandesh','Pune',NULL,NULL,NULL,NULL,'san@gmail.com','9987987097','Reception_Executive','Active','2025-11-03 19:31:38.171');
/*!40000 ALTER TABLE `User` ENABLE KEYS */;
UNLOCK TABLES;

--
-- Table structure for table `UserPermissions`
--

DROP TABLE IF EXISTS `UserPermissions`;
/*!40101 SET @saved_cs_client     = @@character_set_client */;
/*!50503 SET character_set_client = utf8mb4 */;
CREATE TABLE `UserPermissions` (
  `permission_id` int NOT NULL AUTO_INCREMENT,
  `role_name` varchar(191) COLLATE utf8mb4_unicode_ci NOT NULL,
  `can_create` tinyint(1) DEFAULT '0',
  `can_edit` tinyint(1) DEFAULT '0',
  `can_view` tinyint(1) DEFAULT '0',
  `created_at` datetime(3) DEFAULT CURRENT_TIMESTAMP(3),
  `module_name` varchar(191) COLLATE utf8mb4_unicode_ci NOT NULL,
  `updated_at` datetime(3) DEFAULT CURRENT_TIMESTAMP(3),
  `can_action` tinyint(1) DEFAULT '0',
  `role_group` varchar(191) COLLATE utf8mb4_unicode_ci DEFAULT NULL,
  PRIMARY KEY (`permission_id`)
) ENGINE=InnoDB AUTO_INCREMENT=313 DEFAULT CHARSET=utf8mb4 COLLATE=utf8mb4_unicode_ci;
/*!40101 SET character_set_client = @saved_cs_client */;

--
-- Dumping data for table `UserPermissions`
--

LOCK TABLES `UserPermissions` WRITE;
/*!40000 ALTER TABLE `UserPermissions` DISABLE KEYS */;
INSERT INTO `UserPermissions` VALUES (1,'Reception_Executive',0,0,0,'2025-10-25 05:21:42.823','Dashboard','2025-10-25 05:21:42.823',0,NULL),(2,'Reception_Executive',1,1,1,'2025-10-25 05:21:42.823','Reception','2025-10-25 05:21:42.823',0,NULL),(3,'Reception_Executive',0,0,0,'2025-10-25 05:21:42.823','Vault','2025-10-25 05:21:42.823',0,NULL),(4,'Reception_Executive',0,0,0,'2025-10-25 05:21:42.823','Employees','2025-10-25 05:21:42.823',0,NULL),(5,'Reception_Executive',0,0,0,'2025-10-25 05:21:42.823','Players','2025-10-25 05:21:42.823',0,NULL),(6,'Reception_Executive',0,0,0,'2025-10-25 05:21:42.823','Cages','2025-10-25 05:21:42.823',0,NULL),(7,'Reception_Executive',0,0,0,'2025-10-25 05:21:42.823','Slot Machines','2025-10-25 05:21:42.823',0,NULL),(8,'Reception_Executive',0,0,0,'2025-10-25 05:21:42.823','Tables','2025-10-25 05:21:42.823',0,NULL),(9,'Reception_Executive',0,0,0,'2025-10-25 05:21:42.823','Casino Configuration','2025-10-25 05:21:42.823',0,NULL),(10,'Reception_Executive',0,0,0,'2025-10-25 05:21:42.823','User Management','2025-10-25 05:21:42.823',0,NULL),(11,'Reception_Executive',0,0,0,'2025-10-25 05:21:42.823','Notifications','2025-10-25 05:21:42.823',0,NULL),(12,'Reception_Executive',0,0,0,'2025-10-25 05:21:42.823','Transactions','2025-10-25 05:21:42.823',0,NULL),(13,'Dealer',0,0,0,'2025-10-25 05:59:03.634','Dashboard','2025-10-25 05:59:03.634',0,NULL),(14,'Dealer',0,0,0,'2025-10-25 05:59:03.634','Reception','2025-10-25 05:59:03.634',0,NULL),(15,'Dealer',0,0,0,'2025-10-25 05:59:03.634','Vault','2025-10-25 05:59:03.634',0,NULL),(16,'Dealer',0,0,0,'2025-10-25 05:59:03.634','Employees','2025-10-25 05:59:03.634',0,NULL),(17,'Dealer',0,0,0,'2025-10-25 05:59:03.634','Players','2025-10-25 05:59:03.634',0,NULL),(18,'Dealer',0,0,0,'2025-10-25 05:59:03.634','Cages','2025-10-25 05:59:03.634',0,NULL),(19,'Dealer',0,0,0,'2025-10-25 05:59:03.634','Slot Machines','2025-10-25 05:59:03.634',0,NULL),(20,'Dealer',1,1,1,'2025-10-25 05:59:03.634','Tables','2025-10-25 05:59:03.634',1,NULL),(21,'Dealer',0,0,0,'2025-10-25 05:59:03.634','Casino Configuration','2025-10-25 05:59:03.634',0,NULL),(22,'Dealer',0,0,0,'2025-10-25 05:59:03.634','User Management','2025-10-25 05:59:03.634',0,NULL),(23,'Dealer',0,0,0,'2025-10-25 05:59:03.634','Notifications','2025-10-25 05:59:03.634',0,NULL),(24,'Dealer',0,0,0,'2025-10-25 05:59:03.634','Transactions','2025-10-25 05:59:03.634',0,NULL),(25,'Reception_Supervisor',0,0,0,'2025-10-25 06:33:34.083','Dashboard','2025-10-25 06:33:34.083',0,NULL),(26,'Reception_Supervisor',1,1,1,'2025-10-25 06:33:34.083','Reception','2025-10-25 06:33:34.083',1,NULL),(27,'Reception_Supervisor',0,0,0,'2025-10-25 06:33:34.083','Vault','2025-10-25 06:33:34.083',0,NULL),(28,'Reception_Supervisor',0,0,0,'2025-10-25 06:33:34.083','Employees','2025-10-25 06:33:34.083',0,NULL),(29,'Reception_Supervisor',0,0,0,'2025-10-25 06:33:34.083','Players','2025-10-25 06:33:34.083',0,NULL),(30,'Reception_Supervisor',0,0,0,'2025-10-25 06:33:34.083','Cages','2025-10-25 06:33:34.083',0,NULL),(31,'Reception_Supervisor',0,0,0,'2025-10-25 06:33:34.083','Slot Machines','2025-10-25 06:33:34.083',0,NULL),(32,'Reception_Supervisor',0,0,0,'2025-10-25 06:33:34.083','Tables','2025-10-25 06:33:34.083',0,NULL),(33,'Reception_Supervisor',0,0,0,'2025-10-25 06:33:34.083','Casino Configuration','2025-10-25 06:33:34.083',0,NULL),(34,'Reception_Supervisor',0,0,0,'2025-10-25 06:33:34.083','User Management','2025-10-25 06:33:34.083',0,NULL),(35,'Reception_Supervisor',0,0,0,'2025-10-25 06:33:34.083','Notifications','2025-10-25 06:33:34.083',0,NULL),(36,'Reception_Supervisor',0,0,0,'2025-10-25 06:33:34.083','Transactions','2025-10-25 06:33:34.083',0,NULL),(37,'Reception_Sr_Executive',0,0,0,'2025-10-25 07:39:22.482','Dashboard','2025-10-25 07:39:22.482',0,NULL),(38,'Reception_Sr_Executive',1,1,1,'2025-10-25 07:39:22.482','Reception','2025-10-25 07:39:22.482',1,NULL),(39,'Reception_Sr_Executive',0,0,0,'2025-10-25 07:39:22.482','Vault','2025-10-25 07:39:22.482',0,NULL),(40,'Reception_Sr_Executive',0,0,0,'2025-10-25 07:39:22.482','Employees','2025-10-25 07:39:22.482',0,NULL),(41,'Reception_Sr_Executive',0,0,0,'2025-10-25 07:39:22.482','Players','2025-10-25 07:39:22.482',0,NULL),(42,'Reception_Sr_Executive',0,0,0,'2025-10-25 07:39:22.482','Cages','2025-10-25 07:39:22.482',0,NULL),(43,'Reception_Sr_Executive',0,0,0,'2025-10-25 07:39:22.482','Slot Machines','2025-10-25 07:39:22.482',0,NULL),(44,'Reception_Sr_Executive',0,0,0,'2025-10-25 07:39:22.482','Tables','2025-10-25 07:39:22.482',0,NULL),(45,'Reception_Sr_Executive',0,0,0,'2025-10-25 07:39:22.482','Casino Configuration','2025-10-25 07:39:22.482',0,NULL),(46,'Reception_Sr_Executive',0,0,0,'2025-10-25 07:39:22.482','User Management','2025-10-25 07:39:22.482',0,NULL),(47,'Reception_Sr_Executive',0,0,0,'2025-10-25 07:39:22.482','Notifications','2025-10-25 07:39:22.482',0,NULL),(48,'Reception_Sr_Executive',0,0,0,'2025-10-25 07:39:22.482','Transactions','2025-10-25 07:39:22.482',0,NULL),(49,'Cage_Executive',0,0,0,'2025-10-25 07:41:30.262','Dashboard','2025-10-25 07:41:30.262',0,NULL),(50,'Cage_Executive',0,0,0,'2025-10-25 07:41:30.262','Reception','2025-10-25 07:41:30.262',0,NULL),(51,'Cage_Executive',0,0,0,'2025-10-25 07:41:30.262','Vault','2025-10-25 07:41:30.262',0,NULL),(52,'Cage_Executive',0,0,0,'2025-10-25 07:41:30.262','Employees','2025-10-25 07:41:30.262',0,NULL),(53,'Cage_Executive',0,0,0,'2025-10-25 07:41:30.262','Players','2025-10-25 07:41:30.262',0,NULL),(54,'Cage_Executive',1,1,1,'2025-10-25 07:41:30.262','Cages','2025-10-25 07:41:30.262',0,NULL),(55,'Cage_Executive',0,0,0,'2025-10-25 07:41:30.262','Slot Machines','2025-10-25 07:41:30.262',0,NULL),(56,'Cage_Executive',0,0,0,'2025-10-25 07:41:30.262','Tables','2025-10-25 07:41:30.262',0,NULL),(57,'Cage_Executive',0,0,0,'2025-10-25 07:41:30.262','Casino Configuration','2025-10-25 07:41:30.262',0,NULL),(58,'Cage_Executive',0,0,0,'2025-10-25 07:41:30.262','User Management','2025-10-25 07:41:30.262',0,NULL),(59,'Cage_Executive',0,0,0,'2025-10-25 07:41:30.262','Notifications','2025-10-25 07:41:30.262',0,NULL),(60,'Cage_Executive',0,0,0,'2025-10-25 07:41:30.262','Transactions','2025-10-25 07:41:30.262',0,NULL),(61,'Cage_Supervisor',0,0,0,'2025-10-25 07:41:30.262','Dashboard','2025-10-25 07:41:30.262',0,NULL),(62,'Cage_Supervisor',0,0,0,'2025-10-25 07:41:30.262','Reception','2025-10-25 07:41:30.262',0,NULL),(63,'Cage_Supervisor',0,0,0,'2025-10-25 07:41:30.262','Vault','2025-10-25 07:41:30.262',0,NULL),(64,'Cage_Supervisor',0,0,0,'2025-10-25 07:41:30.262','Employees','2025-10-25 07:41:30.262',0,NULL),(65,'Cage_Supervisor',0,0,0,'2025-10-25 07:41:30.262','Players','2025-10-25 07:41:30.262',0,NULL),(66,'Cage_Supervisor',1,1,1,'2025-10-25 07:41:30.262','Cages','2025-10-25 07:41:30.262',1,NULL),(67,'Cage_Supervisor',0,0,0,'2025-10-25 07:41:30.262','Slot Machines','2025-10-25 07:41:30.262',0,NULL),(68,'Cage_Supervisor',0,0,0,'2025-10-25 07:41:30.262','Tables','2025-10-25 07:41:30.262',0,NULL),(69,'Cage_Supervisor',0,0,0,'2025-10-25 07:41:30.262','Casino Configuration','2025-10-25 07:41:30.262',0,NULL),(70,'Cage_Supervisor',0,0,0,'2025-10-25 07:41:30.262','User Management','2025-10-25 07:41:30.262',0,NULL),(71,'Cage_Supervisor',0,0,0,'2025-10-25 07:41:30.262','Notifications','2025-10-25 07:41:30.262',0,NULL),(72,'Cage_Supervisor',0,0,0,'2025-10-25 07:41:30.262','Transactions','2025-10-25 07:41:30.262',0,NULL),(73,'Cage_Manager',0,0,0,'2025-10-25 07:41:30.262','Dashboard','2025-10-25 07:41:30.262',0,NULL),(74,'Cage_Manager',0,0,0,'2025-10-25 07:41:30.262','Reception','2025-10-25 07:41:30.262',0,NULL),(75,'Cage_Manager',0,0,0,'2025-10-25 07:41:30.262','Vault','2025-10-25 07:41:30.262',0,NULL),(76,'Cage_Manager',0,0,0,'2025-10-25 07:41:30.262','Employees','2025-10-25 07:41:30.262',0,NULL),(77,'Cage_Manager',0,0,0,'2025-10-25 07:41:30.262','Players','2025-10-25 07:41:30.262',0,NULL),(78,'Cage_Manager',1,1,1,'2025-10-25 07:41:30.262','Cages','2025-10-25 07:41:30.262',1,NULL),(79,'Cage_Manager',0,0,0,'2025-10-25 07:41:30.262','Slot Machines','2025-10-25 07:41:30.262',0,NULL),(80,'Cage_Manager',0,0,0,'2025-10-25 07:41:30.262','Tables','2025-10-25 07:41:30.262',0,NULL),(81,'Cage_Manager',0,0,0,'2025-10-25 07:41:30.262','Casino Configuration','2025-10-25 07:41:30.262',0,NULL),(82,'Cage_Manager',0,0,0,'2025-10-25 07:41:30.262','User Management','2025-10-25 07:41:30.262',0,NULL),(83,'Cage_Manager',0,0,0,'2025-10-25 07:41:30.262','Notifications','2025-10-25 07:41:30.262',0,NULL),(84,'Cage_Manager',0,0,0,'2025-10-25 07:41:30.262','Transactions','2025-10-25 07:41:30.262',0,NULL),(85,'Slot_Executive',0,0,0,'2025-10-25 07:41:30.262','Dashboard','2025-10-25 07:41:30.262',0,NULL),(86,'Slot_Executive',0,0,0,'2025-10-25 07:41:30.262','Reception','2025-10-25 07:41:30.262',0,NULL),(87,'Slot_Executive',0,0,0,'2025-10-25 07:41:30.262','Vault','2025-10-25 07:41:30.262',0,NULL),(88,'Slot_Executive',0,0,0,'2025-10-25 07:41:30.262','Employees','2025-10-25 07:41:30.262',0,NULL),(89,'Slot_Executive',0,0,0,'2025-10-25 07:41:30.262','Players','2025-10-25 07:41:30.262',0,NULL),(90,'Slot_Executive',0,0,0,'2025-10-25 07:41:30.262','Cages','2025-10-25 07:41:30.262',0,NULL),(91,'Slot_Executive',1,1,1,'2025-10-25 07:41:30.262','Slot Machines','2025-10-25 07:41:30.262',0,NULL),(92,'Slot_Executive',0,0,0,'2025-10-25 07:41:30.262','Tables','2025-10-25 07:41:30.262',0,NULL),(93,'Slot_Executive',0,0,0,'2025-10-25 07:41:30.262','Casino Configuration','2025-10-25 07:41:30.262',0,NULL),(94,'Slot_Executive',0,0,0,'2025-10-25 07:41:30.262','User Management','2025-10-25 07:41:30.262',0,NULL),(95,'Slot_Executive',0,0,0,'2025-10-25 07:41:30.262','Notifications','2025-10-25 07:41:30.262',0,NULL),(96,'Slot_Executive',0,0,0,'2025-10-25 07:41:30.262','Transactions','2025-10-25 07:41:30.262',0,NULL),(97,'Slot_Supervisor',0,0,0,'2025-10-25 07:41:30.262','Dashboard','2025-10-25 07:41:30.262',0,NULL),(98,'Slot_Supervisor',0,0,0,'2025-10-25 07:41:30.262','Reception','2025-10-25 07:41:30.262',0,NULL),(99,'Slot_Supervisor',0,0,0,'2025-10-25 07:41:30.262','Vault','2025-10-25 07:41:30.262',0,NULL),(100,'Slot_Supervisor',0,0,0,'2025-10-25 07:41:30.262','Employees','2025-10-25 07:41:30.262',0,NULL),(101,'Slot_Supervisor',0,0,0,'2025-10-25 07:41:30.262','Players','2025-10-25 07:41:30.262',0,NULL),(102,'Slot_Supervisor',0,0,0,'2025-10-25 07:41:30.262','Cages','2025-10-25 07:41:30.262',0,NULL),(103,'Slot_Supervisor',1,1,1,'2025-10-25 07:41:30.262','Slot Machines','2025-10-25 07:41:30.262',1,NULL),(104,'Slot_Supervisor',0,0,0,'2025-10-25 07:41:30.262','Tables','2025-10-25 07:41:30.262',0,NULL),(105,'Slot_Supervisor',0,0,0,'2025-10-25 07:41:30.262','Casino Configuration','2025-10-25 07:41:30.262',0,NULL),(106,'Slot_Supervisor',0,0,0,'2025-10-25 07:41:30.262','User Management','2025-10-25 07:41:30.262',0,NULL),(107,'Slot_Supervisor',0,0,0,'2025-10-25 07:41:30.262','Notifications','2025-10-25 07:41:30.262',0,NULL),(108,'Slot_Supervisor',0,0,0,'2025-10-25 07:41:30.262','Transactions','2025-10-25 07:41:30.262',0,NULL),(109,'Slot_Manager',0,0,0,'2025-10-25 07:41:30.262','Dashboard','2025-10-25 07:41:30.262',0,NULL),(110,'Slot_Manager',0,0,0,'2025-10-25 07:41:30.262','Reception','2025-10-25 07:41:30.262',0,NULL),(111,'Slot_Manager',0,0,0,'2025-10-25 07:41:30.262','Vault','2025-10-25 07:41:30.262',0,NULL),(112,'Slot_Manager',0,0,0,'2025-10-25 07:41:30.262','Employees','2025-10-25 07:41:30.262',0,NULL),(113,'Slot_Manager',0,0,0,'2025-10-25 07:41:30.262','Players','2025-10-25 07:41:30.262',0,NULL),(114,'Slot_Manager',0,0,0,'2025-10-25 07:41:30.262','Cages','2025-10-25 07:41:30.262',0,NULL),(115,'Slot_Manager',1,1,1,'2025-10-25 07:41:30.262','Slot Machines','2025-10-25 07:41:30.262',1,NULL),(116,'Slot_Manager',0,0,0,'2025-10-25 07:41:30.262','Tables','2025-10-25 07:41:30.262',0,NULL),(117,'Slot_Manager',0,0,0,'2025-10-25 07:41:30.262','Casino Configuration','2025-10-25 07:41:30.262',0,NULL),(118,'Slot_Manager',0,0,0,'2025-10-25 07:41:30.262','User Management','2025-10-25 07:41:30.262',0,NULL),(119,'Slot_Manager',0,0,0,'2025-10-25 07:41:30.262','Notifications','2025-10-25 07:41:30.262',0,NULL),(120,'Slot_Manager',0,0,0,'2025-10-25 07:41:30.262','Transactions','2025-10-25 07:41:30.262',0,NULL),(121,'Pit_Supervisor',0,0,0,'2025-10-25 07:41:30.262','Dashboard','2025-10-25 07:41:30.262',0,NULL),(122,'Pit_Supervisor',0,0,0,'2025-10-25 07:41:30.262','Reception','2025-10-25 07:41:30.262',0,NULL),(123,'Pit_Supervisor',0,0,0,'2025-10-25 07:41:30.262','Vault','2025-10-25 07:41:30.262',0,NULL),(124,'Pit_Supervisor',0,0,0,'2025-10-25 07:41:30.262','Employees','2025-10-25 07:41:30.262',0,NULL),(125,'Pit_Supervisor',0,0,0,'2025-10-25 07:41:30.262','Players','2025-10-25 07:41:30.262',0,NULL),(126,'Pit_Supervisor',0,0,0,'2025-10-25 07:41:30.262','Cages','2025-10-25 07:41:30.262',0,NULL),(127,'Pit_Supervisor',1,1,1,'2025-10-25 07:41:30.262','Slot Machines','2025-10-25 07:41:30.262',1,NULL),(128,'Pit_Supervisor',1,1,1,'2025-10-25 07:41:30.262','Tables','2025-10-25 07:41:30.262',1,NULL),(129,'Pit_Supervisor',0,0,0,'2025-10-25 07:41:30.262','Casino Configuration','2025-10-25 07:41:30.262',0,NULL),(130,'Pit_Supervisor',0,0,0,'2025-10-25 07:41:30.262','User Management','2025-10-25 07:41:30.262',0,NULL),(131,'Pit_Supervisor',0,0,0,'2025-10-25 07:41:30.262','Notifications','2025-10-25 07:41:30.262',0,NULL),(132,'Pit_Supervisor',0,0,0,'2025-10-25 07:41:30.262','Transactions','2025-10-25 07:41:30.262',0,NULL),(133,'Inspector',0,0,0,'2025-10-25 07:41:30.262','Dashboard','2025-10-25 07:41:30.262',0,NULL),(134,'Inspector',0,0,0,'2025-10-25 07:41:30.262','Reception','2025-10-25 07:41:30.262',0,NULL),(135,'Inspector',0,0,0,'2025-10-25 07:41:30.262','Vault','2025-10-25 07:41:30.262',0,NULL),(136,'Inspector',0,0,0,'2025-10-25 07:41:30.262','Employees','2025-10-25 07:41:30.262',0,NULL),(137,'Inspector',0,0,0,'2025-10-25 07:41:30.262','Players','2025-10-25 07:41:30.262',0,NULL),(138,'Inspector',0,0,0,'2025-10-25 07:41:30.262','Cages','2025-10-25 07:41:30.262',0,NULL),(139,'Inspector',1,1,1,'2025-10-25 07:41:30.262','Slot Machines','2025-10-25 07:41:30.262',1,NULL),(140,'Inspector',1,1,1,'2025-10-25 07:41:30.262','Tables','2025-10-25 07:41:30.262',1,NULL),(141,'Inspector',0,0,0,'2025-10-25 07:41:30.262','Casino Configuration','2025-10-25 07:41:30.262',0,NULL),(142,'Inspector',0,0,0,'2025-10-25 07:41:30.262','User Management','2025-10-25 07:41:30.262',0,NULL),(143,'Inspector',0,0,0,'2025-10-25 07:41:30.262','Notifications','2025-10-25 07:41:30.262',0,NULL),(144,'Inspector',0,0,0,'2025-10-25 07:41:30.262','Transactions','2025-10-25 07:41:30.262',0,NULL),(145,'Casino_Manager',1,1,1,'2025-10-25 07:41:30.262','Dashboard','2025-10-25 07:41:30.262',1,NULL),(146,'Casino_Manager',1,1,1,'2025-10-25 07:41:30.262','Reception','2025-10-25 07:41:30.262',1,NULL),(147,'Casino_Manager',0,0,0,'2025-10-25 07:41:30.262','Vault','2025-10-25 07:41:30.262',0,NULL),(148,'Casino_Manager',1,1,1,'2025-10-25 07:41:30.262','Employees','2025-10-25 07:41:30.262',1,NULL),(149,'Casino_Manager',1,1,1,'2025-10-25 07:41:30.262','Players','2025-10-25 07:41:30.262',1,NULL),(150,'Casino_Manager',1,1,1,'2025-10-25 07:41:30.262','Cages','2025-10-25 07:41:30.262',1,NULL),(151,'Casino_Manager',1,1,1,'2025-10-25 07:41:30.262','Slot Machines','2025-10-25 07:41:30.262',1,NULL),(152,'Casino_Manager',1,1,1,'2025-10-25 07:41:30.262','Tables','2025-10-25 07:41:30.262',1,NULL),(153,'Casino_Manager',0,0,0,'2025-10-25 07:41:30.262','Casino Configuration','2025-10-25 07:41:30.262',0,NULL),(154,'Casino_Manager',1,1,1,'2025-10-25 07:41:30.262','User Management','2025-10-25 07:41:30.262',1,NULL),(155,'Casino_Manager',1,1,1,'2025-10-25 07:41:30.262','Notifications','2025-10-25 07:41:30.262',1,NULL),(156,'Casino_Manager',0,0,0,'2025-10-25 07:41:30.262','Transactions','2025-10-25 07:41:30.262',0,NULL),(157,'Admin',1,1,1,'2025-10-25 07:41:30.262','Dashboard','2025-10-25 07:41:30.262',1,NULL),(158,'Admin',1,1,1,'2025-10-25 07:41:30.262','Reception','2025-10-25 07:41:30.262',1,NULL),(159,'Admin',1,1,1,'2025-10-25 07:41:30.262','Vault','2025-10-25 07:41:30.262',1,NULL),(160,'Admin',1,1,1,'2025-10-25 07:41:30.262','Employees','2025-10-25 07:41:30.262',1,NULL),(161,'Admin',1,1,1,'2025-10-25 07:41:30.262','Players','2025-10-25 07:41:30.262',1,NULL),(162,'Admin',1,1,1,'2025-10-25 07:41:30.262','Cages','2025-10-25 07:41:30.262',1,NULL),(163,'Admin',1,1,1,'2025-10-25 07:41:30.262','Slot Machines','2025-10-25 07:41:30.262',1,NULL),(164,'Admin',1,1,1,'2025-10-25 07:41:30.262','Tables','2025-10-25 07:41:30.262',1,NULL),(165,'Admin',1,1,1,'2025-10-25 07:41:30.262','Casino Configuration','2025-10-25 07:41:30.262',1,NULL),(166,'Admin',1,1,1,'2025-10-25 07:41:30.262','User Management','2025-10-25 07:41:30.262',1,NULL),(167,'Admin',1,1,1,'2025-10-25 07:41:30.262','Notifications','2025-10-25 07:41:30.262',1,NULL),(168,'Admin',1,1,1,'2025-10-25 07:41:30.262','Transactions','2025-10-25 07:41:30.262',1,NULL),(169,'Super_Admin',1,1,1,'2025-10-25 07:41:30.262','Dashboard','2025-10-25 07:41:30.262',1,NULL),(170,'Super_Admin',1,1,1,'2025-10-25 07:41:30.262','Reception','2025-10-25 07:41:30.262',1,NULL),(171,'Super_Admin',1,1,1,'2025-10-25 07:41:30.262','Vault','2025-10-25 07:41:30.262',1,NULL),(172,'Super_Admin',1,1,1,'2025-10-25 07:41:30.262','Employees','2025-10-25 07:41:30.262',1,NULL),(173,'Super_Admin',1,1,1,'2025-10-25 07:41:30.262','Players','2025-10-25 07:41:30.262',1,NULL),(174,'Super_Admin',1,1,1,'2025-10-25 07:41:30.262','Cages','2025-10-25 07:41:30.262',1,NULL),(175,'Super_Admin',1,1,1,'2025-10-25 07:41:30.262','Slot Machines','2025-10-25 07:41:30.262',1,NULL),(176,'Super_Admin',1,1,1,'2025-10-25 07:41:30.262','Tables','2025-10-25 07:41:30.262',1,NULL),(177,'Super_Admin',1,1,1,'2025-10-25 07:41:30.262','Casino Configuration','2025-10-25 07:41:30.262',1,NULL),(178,'Super_Admin',1,1,1,'2025-10-25 07:41:30.262','User Management','2025-10-25 07:41:30.262',1,NULL),(179,'Super_Admin',1,1,1,'2025-10-25 07:41:30.262','Notifications','2025-10-25 07:41:30.262',1,NULL),(180,'Super_Admin',1,1,1,'2025-10-25 07:41:30.262','Transactions','2025-10-25 07:41:30.262',1,NULL);
/*!40000 ALTER TABLE `UserPermissions` ENABLE KEYS */;
UNLOCK TABLES;

--
-- Table structure for table `VaultBalance`
--

DROP TABLE IF EXISTS `VaultBalance`;
/*!40101 SET @saved_cs_client     = @@character_set_client */;
/*!50503 SET character_set_client = utf8mb4 */;
CREATE TABLE `VaultBalance` (
  `vault_id` int NOT NULL AUTO_INCREMENT,
  `location_name` varchar(191) COLLATE utf8mb4_unicode_ci NOT NULL,
  `currency_code` varchar(191) COLLATE utf8mb4_unicode_ci NOT NULL DEFAULT 'INR',
  `total_cash` decimal(65,30) NOT NULL DEFAULT '0.000000000000000000000000000000',
  `total_chips` decimal(65,30) NOT NULL DEFAULT '0.000000000000000000000000000000',
  `total_assets` decimal(65,30) NOT NULL DEFAULT '0.000000000000000000000000000000',
  `last_updated` datetime(3) NOT NULL DEFAULT CURRENT_TIMESTAMP(3),
  `total_online` decimal(65,30) NOT NULL DEFAULT '0.000000000000000000000000000000',
  `total_tito` decimal(65,30) NOT NULL DEFAULT '0.000000000000000000000000000000',
  PRIMARY KEY (`vault_id`)
) ENGINE=InnoDB AUTO_INCREMENT=2 DEFAULT CHARSET=utf8mb4 COLLATE=utf8mb4_unicode_ci;
/*!40101 SET character_set_client = @saved_cs_client */;

--
-- Dumping data for table `VaultBalance`
--

LOCK TABLES `VaultBalance` WRITE;
/*!40000 ALTER TABLE `VaultBalance` DISABLE KEYS */;
INSERT INTO `VaultBalance` VALUES (1,'Main Vault','INR',1070000.000000000000000000000000000000,1129326.000000000000000000000000000000,2199326.000000000000000000000000000000,'2025-12-15 19:28:10.671',3000.000000000000000000000000000000,5000.000000000000000000000000000000);
/*!40000 ALTER TABLE `VaultBalance` ENABLE KEYS */;
UNLOCK TABLES;

--
-- Table structure for table `VaultChipDenomination`
--

DROP TABLE IF EXISTS `VaultChipDenomination`;
/*!40101 SET @saved_cs_client     = @@character_set_client */;
/*!50503 SET character_set_client = utf8mb4 */;
CREATE TABLE `VaultChipDenomination` (
  `id` int NOT NULL AUTO_INCREMENT,
  `vault_id` int NOT NULL,
  `chip_denomination` decimal(65,30) NOT NULL,
  `chip_color` varchar(191) COLLATE utf8mb4_unicode_ci DEFAULT NULL,
  `quantity` int NOT NULL,
  `total_value` decimal(65,30) NOT NULL DEFAULT '0.000000000000000000000000000000',
  `chip_image` varchar(191) COLLATE utf8mb4_unicode_ci DEFAULT NULL,
  `actual_quantity` int DEFAULT NULL,
  `last_updated` datetime(3) NOT NULL DEFAULT CURRENT_TIMESTAMP(3),
  PRIMARY KEY (`id`),
  KEY `VaultChipDenomination_vault_id_idx` (`vault_id`),
  CONSTRAINT `VaultChipDenomination_vault_id_fkey` FOREIGN KEY (`vault_id`) REFERENCES `VaultBalance` (`vault_id`) ON DELETE CASCADE ON UPDATE CASCADE
) ENGINE=InnoDB AUTO_INCREMENT=27 DEFAULT CHARSET=utf8mb4 COLLATE=utf8mb4_unicode_ci;
/*!40101 SET character_set_client = @saved_cs_client */;

--
-- Dumping data for table `VaultChipDenomination`
--

LOCK TABLES `VaultChipDenomination` WRITE;
/*!40000 ALTER TABLE `VaultChipDenomination` DISABLE KEYS */;
INSERT INTO `VaultChipDenomination` VALUES (13,1,100.000000000000000000000000000000,'Red',50,5000.000000000000000000000000000000,'/uploads/chip-images/iiyephx6qbnp144a1i4nz8q8t.svg',50,'2025-09-30 18:40:10.295'),(14,1,500.000000000000000000000000000000,'Blue',50,25000.000000000000000000000000000000,'/uploads/chip-images/r8gpb4vbpcz5ez4y5w54ypsws.svg',50,'2025-09-30 18:40:10.295'),(15,1,1000.000000000000000000000000000000,'Black',50,50000.000000000000000000000000000000,'/uploads/chip-images/di3zhfdj5pwe1wltkk2u89jms.svg',50,'2025-09-30 18:40:10.295'),(16,1,5000.000000000000000000000000000000,'Purple',50,250000.000000000000000000000000000000,'/uploads/chip-images/gspmbkaxsejeb46u4o0c60rih.svg',50,'2025-09-30 18:40:10.295'),(17,1,10.000000000000000000000000000000,'White',50,500.000000000000000000000000000000,'/uploads/chip-images/wtbrluv0axe79fcjg7ba7ee96.svg',50,'2025-09-30 18:40:10.295'),(18,1,50.000000000000000000000000000000,'Pink',50,2500.000000000000000000000000000000,'/uploads/chip-images/jczjras9gke8x79i2s3ovhm1o.svg',50,'2025-09-30 18:40:10.295'),(19,1,200.000000000000000000000000000000,'Green',50,10000.000000000000000000000000000000,'/uploads/chip-images/x7ckom3wemxpk0yur8gu70gej.svg',50,'2025-09-30 18:40:10.295'),(20,1,2000.000000000000000000000000000000,'Yellow',50,100000.000000000000000000000000000000,'/uploads/chip-images/izanevpsyw4y88x3mhf8u20i7.svg',50,'2025-09-30 18:40:10.295'),(21,1,10000.000000000000000000000000000000,'Orange',50,560000.000000000000000000000000000000,'/uploads/chip-images/iwl5k6jmto0wcb1w8belwonky.svg',56,'2025-09-30 18:40:10.295'),(22,1,25.000000000000000000000000000000,'Grey',50,1250.000000000000000000000000000000,'/uploads/chip-images/d6juo79tyv5r6pn36f9llysjm.svg',50,'2025-09-30 18:40:10.295'),(23,1,2500.000000000000000000000000000000,'Teal',50,125000.000000000000000000000000000000,'/uploads/chip-images/jcjqudyl0z14tkh108dvytow9.svg',50,'2025-09-30 18:40:10.295'),(24,1,1.000000000000000000000000000000,'Brown',50,50.000000000000000000000000000000,'/uploads/chip-images/i2cii24utxstxf3jex7ukhlux.svg',50,'2025-09-30 18:40:10.295'),(26,1,26.000000000000000000000000000000,NULL,1,26.000000000000000000000000000000,'/uploads/chip-images/t88hedrc6d7kmvun69p0qu41m.webp',1,'2025-10-12 17:59:51.817');
/*!40000 ALTER TABLE `VaultChipDenomination` ENABLE KEYS */;
UNLOCK TABLES;

--
-- Table structure for table `VaultTransaction`
--

DROP TABLE IF EXISTS `VaultTransaction`;
/*!40101 SET @saved_cs_client     = @@character_set_client */;
/*!50503 SET character_set_client = utf8mb4 */;
CREATE TABLE `VaultTransaction` (
  `transaction_id` int NOT NULL AUTO_INCREMENT,
  `vault_id` int NOT NULL,
  `transaction_type` enum('DEPOSIT','WITHDRAWAL','TRANSFER','RECONCILIATION','ADJUSTMENT') COLLATE utf8mb4_unicode_ci NOT NULL,
  `asset_type` enum('CASH','CHIP') COLLATE utf8mb4_unicode_ci NOT NULL,
  `denomination` decimal(65,30) NOT NULL,
  `quantity` int NOT NULL,
  `total_value` decimal(65,30) NOT NULL DEFAULT '0.000000000000000000000000000000',
  `currency_code` varchar(191) COLLATE utf8mb4_unicode_ci NOT NULL DEFAULT 'INR',
  `source` varchar(191) COLLATE utf8mb4_unicode_ci NOT NULL,
  `destination` varchar(191) COLLATE utf8mb4_unicode_ci NOT NULL,
  `reference_id` varchar(191) COLLATE utf8mb4_unicode_ci DEFAULT NULL,
  `authorized_by` int NOT NULL,
  `performed_by` int NOT NULL,
  `transaction_time` datetime(3) NOT NULL DEFAULT CURRENT_TIMESTAMP(3),
  `notes` varchar(191) COLLATE utf8mb4_unicode_ci DEFAULT NULL,
  `gaming_day_id` int NOT NULL DEFAULT '0',
  `cage_id` int NOT NULL DEFAULT '0',
  `table_id` int NOT NULL DEFAULT '0',
  PRIMARY KEY (`transaction_id`),
  KEY `VaultTransaction_vault_id_idx` (`vault_id`),
  KEY `VaultTransaction_authorized_by_idx` (`authorized_by`),
  KEY `VaultTransaction_performed_by_idx` (`performed_by`),
  CONSTRAINT `VaultTransaction_authorized_by_fkey` FOREIGN KEY (`authorized_by`) REFERENCES `Employee` (`employee_id`) ON DELETE RESTRICT ON UPDATE CASCADE,
  CONSTRAINT `VaultTransaction_performed_by_fkey` FOREIGN KEY (`performed_by`) REFERENCES `Employee` (`employee_id`) ON DELETE RESTRICT ON UPDATE CASCADE,
  CONSTRAINT `VaultTransaction_vault_id_fkey` FOREIGN KEY (`vault_id`) REFERENCES `VaultBalance` (`vault_id`) ON DELETE CASCADE ON UPDATE CASCADE
) ENGINE=InnoDB AUTO_INCREMENT=186 DEFAULT CHARSET=utf8mb4 COLLATE=utf8mb4_unicode_ci;
/*!40101 SET character_set_client = @saved_cs_client */;

--
-- Dumping data for table `VaultTransaction`
--

LOCK TABLES `VaultTransaction` WRITE;
/*!40000 ALTER TABLE `VaultTransaction` DISABLE KEYS */;
INSERT INTO `VaultTransaction` VALUES (1,1,'DEPOSIT','CASH',0.000000000000000000000000000000,0,300000.000000000000000000000000000000,'INR','Bank','Vault','TXN001',2,5,'2025-06-25 09:15:00.000','Initial cash deposit from bank',0,0,0),(2,1,'DEPOSIT','CHIP',500.000000000000000000000000000000,100,50000.000000000000000000000000000000,'INR','Bank','Vault','TXN002',3,6,'2025-06-25 09:30:00.000','Blue chips deposit',0,0,0),(3,1,'WITHDRAWAL','CASH',0.000000000000000000000000000000,0,100000.000000000000000000000000000000,'INR','Vault','Cage','TXN003',2,5,'2025-06-26 10:00:00.000','Cash to cage morning ops',0,0,0),(4,1,'WITHDRAWAL','CHIP',100.000000000000000000000000000000,200,20000.000000000000000000000000000000,'INR','Vault','Cage','TXN004',3,6,'2025-06-26 10:30:00.000','Red chips to cage',0,0,0),(5,1,'TRANSFER','CHIP',1000.000000000000000000000000000000,50,50000.000000000000000000000000000000,'INR','Vault','Table','TXN005',1,10,'2025-06-27 13:00:00.000','High value chips to table',0,0,0),(6,1,'TRANSFER','CHIP',500.000000000000000000000000000000,30,15000.000000000000000000000000000000,'INR','Vault','Table','TXN006',1,10,'2025-06-27 13:15:00.000','Blue chips for backup table',0,0,0),(7,1,'RECONCILIATION','CASH',0.000000000000000000000000000000,0,0.000000000000000000000000000000,'INR','Audit','Vault','TXN007',7,5,'2025-06-28 16:00:00.000','Cash reconciliation for mid-week',0,0,0),(8,1,'RECONCILIATION','CHIP',100.000000000000000000000000000000,0,0.000000000000000000000000000000,'INR','Audit','Vault','TXN008',7,6,'2025-06-28 16:20:00.000','Chip count check',0,0,0),(9,1,'ADJUSTMENT','CHIP',5000.000000000000000000000000000000,-2,-10000.000000000000000000000000000000,'INR','Vault','Vault','TXN009',9,5,'2025-06-29 11:00:00.000','Lost purple chips',0,0,0),(10,1,'WITHDRAWAL','CASH',0.000000000000000000000000000000,0,50000.000000000000000000000000000000,'INR','Vault','Cage','TXN010',2,10,'2025-06-29 17:45:00.000','Late shift refill',0,0,0),(27,1,'TRANSFER','CASH',0.000000000000000000000000000000,0,10000.000000000000000000000000000000,'INR','Vault','Cage 3','1755981885767-V4W6A0',2,3,'2025-08-23 20:44:45.380','Cash of INR 10000 added to Cage 3',26,3,0),(28,1,'TRANSFER','CHIP',10000.000000000000000000000000000000,1,10000.000000000000000000000000000000,'INR','Vault','Cage 3','1755981885767-V4W6A0',2,3,'2025-08-23 20:44:45.380','1 Quantity of 10000 Denomination added to Cage 3',26,3,0),(29,1,'TRANSFER','CHIP',5000.000000000000000000000000000000,1,5000.000000000000000000000000000000,'INR','Vault','Cage 3','1755981885767-V4W6A0',2,3,'2025-08-23 20:44:45.380','1 Quantity of 5000 Denomination added to Cage 3',26,3,0),(30,1,'TRANSFER','CHIP',2500.000000000000000000000000000000,1,2500.000000000000000000000000000000,'INR','Vault','Cage 3','1755981885767-V4W6A0',2,3,'2025-08-23 20:44:45.380','1 Quantity of 2500 Denomination added to Cage 3',26,3,0),(31,1,'TRANSFER','CHIP',2000.000000000000000000000000000000,1,2000.000000000000000000000000000000,'INR','Vault','Cage 3','1755981885767-V4W6A0',2,3,'2025-08-23 20:44:45.380','1 Quantity of 2000 Denomination added to Cage 3',26,3,0),(32,1,'TRANSFER','CHIP',1000.000000000000000000000000000000,1,1000.000000000000000000000000000000,'INR','Vault','Cage 3','1755981885767-V4W6A0',2,3,'2025-08-23 20:44:45.380','1 Quantity of 1000 Denomination added to Cage 3',26,3,0),(33,1,'TRANSFER','CHIP',500.000000000000000000000000000000,1,500.000000000000000000000000000000,'INR','Vault','Cage 3','1755981885767-V4W6A0',2,3,'2025-08-23 20:44:45.380','1 Quantity of 500 Denomination added to Cage 3',26,3,0),(34,1,'TRANSFER','CASH',0.000000000000000000000000000000,0,10000.000000000000000000000000000000,'INR','Vault','Cage 3','1755987987217-DA6683',2,3,'2025-08-23 22:26:26.847','Cash of INR 10000 added to Cage 3',26,3,0),(35,1,'TRANSFER','CHIP',10000.000000000000000000000000000000,1,10000.000000000000000000000000000000,'INR','Vault','Cage 3','1755987987217-DA6683',2,3,'2025-08-23 22:26:26.847','1 Quantity of 10000 Denomination added to Cage 3',26,3,0),(36,1,'TRANSFER','CASH',0.000000000000000000000000000000,0,10000.000000000000000000000000000000,'INR','Vault','Cage 3','1755988124367-BHPTBL',2,3,'2025-08-23 22:28:44.224','Cash of INR 10000 added to Cage 3',26,3,0),(37,1,'TRANSFER','CHIP',10000.000000000000000000000000000000,1,10000.000000000000000000000000000000,'INR','Vault','Cage 3','1755988124367-BHPTBL',2,3,'2025-08-23 22:28:44.224','1 Quantity of 10000 Denomination added to Cage 3',26,3,0),(38,1,'TRANSFER','CASH',0.000000000000000000000000000000,0,10000.000000000000000000000000000000,'INR','Vault','Cage 3','1755988207974-PJ12TX',2,3,'2025-08-23 22:30:07.895','Cash of INR 10000 added to Cage 3',26,3,0),(39,1,'TRANSFER','CHIP',10000.000000000000000000000000000000,1,10000.000000000000000000000000000000,'INR','Vault','Cage 3','1755988207974-PJ12TX',2,3,'2025-08-23 22:30:07.895','1 Quantity of 10000 Denomination added to Cage 3',26,3,0),(40,1,'TRANSFER','CASH',0.000000000000000000000000000000,0,10000.000000000000000000000000000000,'INR','Vault','Cage 3','1756029647194-HCE390',2,3,'2025-08-24 10:00:46.537','Cash of INR 10000 added to Cage 3',26,3,0),(41,1,'TRANSFER','CHIP',10000.000000000000000000000000000000,1,10000.000000000000000000000000000000,'INR','Vault','Cage 3','1756029647194-HCE390',2,3,'2025-08-24 10:00:46.537','1 Quantity of 10000 Denomination added to Cage 3',26,3,0),(42,1,'TRANSFER','CASH',0.000000000000000000000000000000,0,1.000000000000000000000000000000,'INR','Vault','Cage 3','1756029798249-1KUILH',2,3,'2025-08-24 10:03:18.060','Cash of INR 1 added to Cage 3',26,3,0),(43,1,'TRANSFER','CHIP',10000.000000000000000000000000000000,1,10000.000000000000000000000000000000,'INR','Vault','Cage 3','1756029798249-1KUILH',2,3,'2025-08-24 10:03:18.060','1 Quantity of 10000 Denomination added to Cage 3',26,3,0),(44,1,'TRANSFER','CASH',0.000000000000000000000000000000,0,1.000000000000000000000000000000,'INR','Vault','Cage 3','1756029833567-C9LUQ3',2,3,'2025-08-24 10:03:53.448','Cash of INR 1 added to Cage 3',26,3,0),(45,1,'TRANSFER','CHIP',10000.000000000000000000000000000000,1,10000.000000000000000000000000000000,'INR','Vault','Cage 3','1756029833567-C9LUQ3',2,3,'2025-08-24 10:03:53.448','1 Quantity of 10000 Denomination added to Cage 3',26,3,0),(46,1,'TRANSFER','CASH',0.000000000000000000000000000000,0,1.000000000000000000000000000000,'INR','Vault','Cage 3','1756029988034-TT9V99',2,3,'2025-08-24 10:06:27.884','Cash of INR 1 added to Cage 3',26,3,0),(47,1,'TRANSFER','CHIP',10000.000000000000000000000000000000,1,10000.000000000000000000000000000000,'INR','Vault','Cage 3','1756029988034-TT9V99',2,3,'2025-08-24 10:06:27.884','1 Quantity of 10000 Denomination added to Cage 3',26,3,0),(48,1,'TRANSFER','CASH',0.000000000000000000000000000000,0,1.000000000000000000000000000000,'INR','Vault','Cage 3','1756031300948-S9OLC4',2,3,'2025-08-24 10:28:20.823','Cash of INR 1 added to Cage 3',26,3,0),(49,1,'TRANSFER','CHIP',10000.000000000000000000000000000000,1,10000.000000000000000000000000000000,'INR','Vault','Cage 3','1756031300948-S9OLC4',2,3,'2025-08-24 10:28:20.823','1 Quantity of 10000 Denomination added to Cage 3',26,3,0),(50,1,'TRANSFER','CASH',0.000000000000000000000000000000,0,1.000000000000000000000000000000,'INR','Vault','Cage 3','1756031918633-IVL001',2,3,'2025-08-24 10:38:38.485','Cash of INR 1 added to Cage 3',26,3,0),(51,1,'TRANSFER','CHIP',10000.000000000000000000000000000000,1,10000.000000000000000000000000000000,'INR','Vault','Cage 3','1756031918633-IVL001',2,3,'2025-08-24 10:38:38.485','1 Quantity of 10000 Denomination added to Cage 3',26,3,0),(52,1,'TRANSFER','CASH',0.000000000000000000000000000000,0,1.000000000000000000000000000000,'INR','Vault','Cage 3','1756032040702-DG422N',2,3,'2025-08-24 10:40:40.615','Cash of INR 1 added to Cage 3',26,3,0),(53,1,'TRANSFER','CHIP',10000.000000000000000000000000000000,1,10000.000000000000000000000000000000,'INR','Vault','Cage 3','1756032040702-DG422N',2,3,'2025-08-24 10:40:40.615','1 Quantity of 10000 Denomination added to Cage 3',26,3,0),(54,1,'TRANSFER','CASH',0.000000000000000000000000000000,0,1.000000000000000000000000000000,'INR','Vault','Cage 3','1756032267407-7TCEYI',2,3,'2025-08-24 10:44:27.214','Cash of INR 1 added to Cage 3',26,3,0),(55,1,'TRANSFER','CHIP',10000.000000000000000000000000000000,1,10000.000000000000000000000000000000,'INR','Vault','Cage 3','1756032267407-7TCEYI',2,3,'2025-08-24 10:44:27.214','1 Quantity of 10000 Denomination added to Cage 3',26,3,0),(56,1,'TRANSFER','CASH',0.000000000000000000000000000000,0,1.000000000000000000000000000000,'INR','Vault','Cage 3','1756032457072-NYVUBE',2,3,'2025-08-24 10:47:36.919','Cash of INR 1 added to Cage 3',26,3,0),(57,1,'TRANSFER','CHIP',10000.000000000000000000000000000000,1,10000.000000000000000000000000000000,'INR','Vault','Cage 3','1756032457072-NYVUBE',2,3,'2025-08-24 10:47:36.919','1 Quantity of 10000 Denomination added to Cage 3',26,3,0),(58,1,'TRANSFER','CASH',0.000000000000000000000000000000,0,1.000000000000000000000000000000,'INR','Vault','Cage 3','1756032589324-E7JAQ1',2,3,'2025-08-24 10:49:48.893','Cash of INR 1 added to Cage 3',26,3,0),(59,1,'TRANSFER','CHIP',10000.000000000000000000000000000000,1,10000.000000000000000000000000000000,'INR','Vault','Cage 3','1756032589324-E7JAQ1',2,3,'2025-08-24 10:49:48.893','1 Quantity of 10000 Denomination added to Cage 3',26,3,0),(60,1,'TRANSFER','CASH',0.000000000000000000000000000000,0,1.000000000000000000000000000000,'INR','Vault','Cage 3','1756038161566-Z1HOYD',2,3,'2025-08-24 12:22:41.402','Cash of INR 1 added to Cage 3',26,3,0),(61,1,'TRANSFER','CHIP',10000.000000000000000000000000000000,1,10000.000000000000000000000000000000,'INR','Vault','Cage 3','1756038161566-Z1HOYD',2,3,'2025-08-24 12:22:41.402','1 Quantity of 10000 Denomination added to Cage 3',26,3,0),(62,1,'TRANSFER','CASH',0.000000000000000000000000000000,0,1.000000000000000000000000000000,'INR','Vault','Cage 3','1756038306634-NOZMCR',2,3,'2025-08-24 12:25:06.495','Cash of INR 1 added to Cage 3',26,3,0),(63,1,'TRANSFER','CHIP',10000.000000000000000000000000000000,1,10000.000000000000000000000000000000,'INR','Vault','Cage 3','1756038306634-NOZMCR',2,3,'2025-08-24 12:25:06.495','1 Quantity of 10000 Denomination added to Cage 3',26,3,0),(64,1,'TRANSFER','CASH',0.000000000000000000000000000000,0,1.000000000000000000000000000000,'INR','Vault','Cage 3','1756038937037-K4WYTE',2,3,'2025-08-24 12:35:36.775','Cash of INR 1 added to Cage 3',26,3,0),(65,1,'TRANSFER','CHIP',10000.000000000000000000000000000000,1,10000.000000000000000000000000000000,'INR','Vault','Cage 3','1756038937037-K4WYTE',2,3,'2025-08-24 12:35:36.775','1 Quantity of 10000 Denomination added to Cage 3',26,3,0),(66,1,'TRANSFER','CASH',0.000000000000000000000000000000,0,50000.000000000000000000000000000000,'INR','Vault','Cage 3','1756039296069-79EJY3',2,3,'2025-08-24 12:41:35.820','Cash of INR 50000 added to Cage 3',26,3,0),(67,1,'TRANSFER','CHIP',10000.000000000000000000000000000000,3,30000.000000000000000000000000000000,'INR','Vault','Cage 3','1756039296069-79EJY3',2,3,'2025-08-24 12:41:35.820','3 Quantity of 10000 Denomination added to Cage 3',26,3,0),(68,1,'TRANSFER','CHIP',5000.000000000000000000000000000000,2,10000.000000000000000000000000000000,'INR','Vault','Cage 3','1756039296069-79EJY3',2,3,'2025-08-24 12:41:35.820','2 Quantity of 5000 Denomination added to Cage 3',26,3,0),(69,1,'TRANSFER','CHIP',2500.000000000000000000000000000000,1,2500.000000000000000000000000000000,'INR','Vault','Cage 3','1756039296069-79EJY3',2,3,'2025-08-24 12:41:35.820','1 Quantity of 2500 Denomination added to Cage 3',26,3,0),(70,1,'TRANSFER','CHIP',2000.000000000000000000000000000000,2,4000.000000000000000000000000000000,'INR','Vault','Cage 3','1756039296069-79EJY3',2,3,'2025-08-24 12:41:35.820','2 Quantity of 2000 Denomination added to Cage 3',26,3,0),(71,1,'TRANSFER','CHIP',1000.000000000000000000000000000000,2,2000.000000000000000000000000000000,'INR','Vault','Cage 3','1756039296069-79EJY3',2,3,'2025-08-24 12:41:35.820','2 Quantity of 1000 Denomination added to Cage 3',26,3,0),(72,1,'TRANSFER','CHIP',500.000000000000000000000000000000,2,1000.000000000000000000000000000000,'INR','Vault','Cage 3','1756039296069-79EJY3',2,3,'2025-08-24 12:41:35.820','2 Quantity of 500 Denomination added to Cage 3',26,3,0),(73,1,'TRANSFER','CHIP',200.000000000000000000000000000000,1,200.000000000000000000000000000000,'INR','Vault','Cage 3','1756039296069-79EJY3',2,3,'2025-08-24 12:41:35.820','1 Quantity of 200 Denomination added to Cage 3',26,3,0),(74,1,'TRANSFER','CHIP',100.000000000000000000000000000000,2,200.000000000000000000000000000000,'INR','Vault','Cage 3','1756039296069-79EJY3',2,3,'2025-08-24 12:41:35.820','2 Quantity of 100 Denomination added to Cage 3',26,3,0),(75,1,'TRANSFER','CHIP',50.000000000000000000000000000000,2,100.000000000000000000000000000000,'INR','Vault','Cage 3','1756039296069-79EJY3',2,3,'2025-08-24 12:41:35.820','2 Quantity of 50 Denomination added to Cage 3',26,3,0),(76,1,'TRANSFER','CASH',0.000000000000000000000000000000,0,50000.000000000000000000000000000000,'INR','Vault','Cage 3','1756039790322-B6Q2S7',2,3,'2025-08-24 12:49:50.162','Cash of INR 50000 added to Cage 3',26,3,0),(77,1,'TRANSFER','CHIP',10000.000000000000000000000000000000,3,30000.000000000000000000000000000000,'INR','Vault','Cage 3','1756039790322-B6Q2S7',2,3,'2025-08-24 12:49:50.162','3 Quantity of 10000 Denomination added to Cage 3',26,3,0),(78,1,'TRANSFER','CHIP',5000.000000000000000000000000000000,2,10000.000000000000000000000000000000,'INR','Vault','Cage 3','1756039790322-B6Q2S7',2,3,'2025-08-24 12:49:50.162','2 Quantity of 5000 Denomination added to Cage 3',26,3,0),(79,1,'TRANSFER','CHIP',2500.000000000000000000000000000000,1,2500.000000000000000000000000000000,'INR','Vault','Cage 3','1756039790322-B6Q2S7',2,3,'2025-08-24 12:49:50.162','1 Quantity of 2500 Denomination added to Cage 3',26,3,0),(80,1,'TRANSFER','CHIP',2000.000000000000000000000000000000,2,4000.000000000000000000000000000000,'INR','Vault','Cage 3','1756039790322-B6Q2S7',2,3,'2025-08-24 12:49:50.162','2 Quantity of 2000 Denomination added to Cage 3',26,3,0),(81,1,'TRANSFER','CHIP',1000.000000000000000000000000000000,2,2000.000000000000000000000000000000,'INR','Vault','Cage 3','1756039790322-B6Q2S7',2,3,'2025-08-24 12:49:50.162','2 Quantity of 1000 Denomination added to Cage 3',26,3,0),(82,1,'TRANSFER','CHIP',500.000000000000000000000000000000,2,1000.000000000000000000000000000000,'INR','Vault','Cage 3','1756039790322-B6Q2S7',2,3,'2025-08-24 12:49:50.162','2 Quantity of 500 Denomination added to Cage 3',26,3,0),(83,1,'TRANSFER','CHIP',200.000000000000000000000000000000,2,400.000000000000000000000000000000,'INR','Vault','Cage 3','1756039790322-B6Q2S7',2,3,'2025-08-24 12:49:50.162','2 Quantity of 200 Denomination added to Cage 3',26,3,0),(84,1,'TRANSFER','CHIP',100.000000000000000000000000000000,1,100.000000000000000000000000000000,'INR','Vault','Cage 3','1756039790322-B6Q2S7',2,3,'2025-08-24 12:49:50.162','1 Quantity of 100 Denomination added to Cage 3',26,3,0),(85,1,'TRANSFER','CASH',0.000000000000000000000000000000,0,50000.000000000000000000000000000000,'INR','Vault','Cage 3','1756039922555-DGDUPM',2,3,'2025-08-24 12:52:02.452','Cash of INR 50000 added to Cage 3',26,3,0),(86,1,'TRANSFER','CHIP',10000.000000000000000000000000000000,3,30000.000000000000000000000000000000,'INR','Vault','Cage 3','1756039922555-DGDUPM',2,3,'2025-08-24 12:52:02.452','3 Quantity of 10000 Denomination added to Cage 3',26,3,0),(87,1,'TRANSFER','CHIP',5000.000000000000000000000000000000,2,10000.000000000000000000000000000000,'INR','Vault','Cage 3','1756039922555-DGDUPM',2,3,'2025-08-24 12:52:02.452','2 Quantity of 5000 Denomination added to Cage 3',26,3,0),(88,1,'TRANSFER','CHIP',2500.000000000000000000000000000000,2,5000.000000000000000000000000000000,'INR','Vault','Cage 3','1756039922555-DGDUPM',2,3,'2025-08-24 12:52:02.452','2 Quantity of 2500 Denomination added to Cage 3',26,3,0),(89,1,'TRANSFER','CHIP',2000.000000000000000000000000000000,1,2000.000000000000000000000000000000,'INR','Vault','Cage 3','1756039922555-DGDUPM',2,3,'2025-08-24 12:52:02.452','1 Quantity of 2000 Denomination added to Cage 3',26,3,0),(90,1,'TRANSFER','CHIP',1000.000000000000000000000000000000,2,2000.000000000000000000000000000000,'INR','Vault','Cage 3','1756039922555-DGDUPM',2,3,'2025-08-24 12:52:02.452','2 Quantity of 1000 Denomination added to Cage 3',26,3,0),(91,1,'TRANSFER','CHIP',500.000000000000000000000000000000,2,1000.000000000000000000000000000000,'INR','Vault','Cage 3','1756039922555-DGDUPM',2,3,'2025-08-24 12:52:02.452','2 Quantity of 500 Denomination added to Cage 3',26,3,0),(92,1,'TRANSFER','CASH',0.000000000000000000000000000000,0,50000.000000000000000000000000000000,'INR','Vault','Cage 3','1756040006766-ONC2OE',2,3,'2025-08-24 12:53:26.638','Cash of INR 50000 added to Cage 3',26,3,0),(93,1,'TRANSFER','CHIP',10000.000000000000000000000000000000,3,30000.000000000000000000000000000000,'INR','Vault','Cage 3','1756040006766-ONC2OE',2,3,'2025-08-24 12:53:26.638','3 Quantity of 10000 Denomination added to Cage 3',26,3,0),(94,1,'TRANSFER','CHIP',5000.000000000000000000000000000000,2,10000.000000000000000000000000000000,'INR','Vault','Cage 3','1756040006766-ONC2OE',2,3,'2025-08-24 12:53:26.638','2 Quantity of 5000 Denomination added to Cage 3',26,3,0),(95,1,'TRANSFER','CHIP',2500.000000000000000000000000000000,2,5000.000000000000000000000000000000,'INR','Vault','Cage 3','1756040006766-ONC2OE',2,3,'2025-08-24 12:53:26.638','2 Quantity of 2500 Denomination added to Cage 3',26,3,0),(96,1,'TRANSFER','CHIP',2000.000000000000000000000000000000,1,2000.000000000000000000000000000000,'INR','Vault','Cage 3','1756040006766-ONC2OE',2,3,'2025-08-24 12:53:26.638','1 Quantity of 2000 Denomination added to Cage 3',26,3,0),(97,1,'TRANSFER','CHIP',1000.000000000000000000000000000000,2,2000.000000000000000000000000000000,'INR','Vault','Cage 3','1756040006766-ONC2OE',2,3,'2025-08-24 12:53:26.638','2 Quantity of 1000 Denomination added to Cage 3',26,3,0),(98,1,'TRANSFER','CHIP',500.000000000000000000000000000000,2,1000.000000000000000000000000000000,'INR','Vault','Cage 3','1756040006766-ONC2OE',2,3,'2025-08-24 12:53:26.638','2 Quantity of 500 Denomination added to Cage 3',26,3,0),(99,1,'TRANSFER','CASH',0.000000000000000000000000000000,0,10000.000000000000000000000000000000,'INR','Vault','Cage 9','1762205746368-RJ18LO',2,3,'2025-11-03 21:35:45.991','Cash of INR 10000 added to Cage 9',27,9,0),(100,1,'TRANSFER','CHIP',1000.000000000000000000000000000000,10,10000.000000000000000000000000000000,'INR','Vault','Cage 9','1762205746368-RJ18LO',2,3,'2025-11-03 21:35:45.991','10 Quantity of 1000 Denomination added to Cage 9',27,9,0),(101,1,'TRANSFER','CASH',0.000000000000000000000000000000,0,1000.000000000000000000000000000000,'INR','Vault','Cage 9','1762974570267-SXDZMS',2,3,'2025-11-12 19:09:30.267','Cash of INR 1000 added to Cage 9',27,9,0),(102,1,'TRANSFER','CHIP',10000.000000000000000000000000000000,1,10000.000000000000000000000000000000,'INR','Vault','Cage 9','1762974570267-SXDZMS',2,3,'2025-11-12 19:09:30.267','1 Quantity of 10000 Denomination added to Cage 9',27,9,0),(103,1,'TRANSFER','CASH',0.000000000000000000000000000000,0,1000.000000000000000000000000000000,'INR','Vault','Cage 9','1763152051964-4CY86Y',2,3,'2025-11-14 20:27:31.964','Cash of INR 1000 added to Cage 9',27,9,0),(104,1,'TRANSFER','CHIP',10000.000000000000000000000000000000,1,10000.000000000000000000000000000000,'INR','Vault','Cage 9','1763152051964-4CY86Y',2,3,'2025-11-14 20:27:31.964','1 Quantity of 10000 Denomination added to Cage 9',27,9,0),(105,1,'TRANSFER','CHIP',5000.000000000000000000000000000000,2,10000.000000000000000000000000000000,'INR','Vault','Cage 9','1763152051964-4CY86Y',2,3,'2025-11-14 20:27:31.964','2 Quantity of 5000 Denomination added to Cage 9',27,9,0),(106,1,'TRANSFER','CHIP',2500.000000000000000000000000000000,2,5000.000000000000000000000000000000,'INR','Vault','Cage 9','1763152051964-4CY86Y',2,3,'2025-11-14 20:27:31.964','2 Quantity of 2500 Denomination added to Cage 9',27,9,0),(107,1,'TRANSFER','CHIP',2000.000000000000000000000000000000,1,2000.000000000000000000000000000000,'INR','Vault','Cage 9','1763152051964-4CY86Y',2,3,'2025-11-14 20:27:31.964','1 Quantity of 2000 Denomination added to Cage 9',27,9,0),(108,1,'TRANSFER','CHIP',1000.000000000000000000000000000000,2,2000.000000000000000000000000000000,'INR','Vault','Cage 9','1763152051964-4CY86Y',2,3,'2025-11-14 20:27:31.964','2 Quantity of 1000 Denomination added to Cage 9',27,9,0),(109,1,'TRANSFER','CASH',0.000000000000000000000000000000,0,1000.000000000000000000000000000000,'INR','Vault','Cage 9','1763152331500-R41LW7',2,3,'2025-11-14 20:32:11.500','Cash of INR 1000 added to Cage 9',27,9,0),(110,1,'TRANSFER','CHIP',10000.000000000000000000000000000000,1,10000.000000000000000000000000000000,'INR','Vault','Cage 9','1763152331500-R41LW7',2,3,'2025-11-14 20:32:11.500','1 Quantity of 10000 Denomination added to Cage 9',27,9,0),(111,1,'TRANSFER','CASH',0.000000000000000000000000000000,0,12000.000000000000000000000000000000,'INR','Vault','Cage 9','1764530588807-1VBEB6',2,3,'2025-11-30 19:23:08.807','Cash of INR 12000 added to Cage 9',27,9,0),(112,1,'TRANSFER','CHIP',10000.000000000000000000000000000000,1,10000.000000000000000000000000000000,'INR','Vault','Cage 9','1764530588807-1VBEB6',2,3,'2025-11-30 19:23:08.807','1 Quantity of 10000 Denomination added to Cage 9',27,9,0),(113,1,'TRANSFER','CHIP',5000.000000000000000000000000000000,1,5000.000000000000000000000000000000,'INR','Vault','Cage 9','1764530588807-1VBEB6',2,3,'2025-11-30 19:23:08.807','1 Quantity of 5000 Denomination added to Cage 9',27,9,0),(114,1,'TRANSFER','CHIP',2500.000000000000000000000000000000,1,2500.000000000000000000000000000000,'INR','Vault','Cage 9','1764530588807-1VBEB6',2,3,'2025-11-30 19:23:08.807','1 Quantity of 2500 Denomination added to Cage 9',27,9,0),(115,1,'TRANSFER','CHIP',2000.000000000000000000000000000000,1,2000.000000000000000000000000000000,'INR','Vault','Cage 9','1764530588807-1VBEB6',2,3,'2025-11-30 19:23:08.807','1 Quantity of 2000 Denomination added to Cage 9',27,9,0),(116,1,'TRANSFER','CHIP',1000.000000000000000000000000000000,1,1000.000000000000000000000000000000,'INR','Vault','Cage 9','1764530588807-1VBEB6',2,3,'2025-11-30 19:23:08.807','1 Quantity of 1000 Denomination added to Cage 9',27,9,0),(117,1,'TRANSFER','CHIP',500.000000000000000000000000000000,1,500.000000000000000000000000000000,'INR','Vault','Cage 9','1764530588807-1VBEB6',2,3,'2025-11-30 19:23:08.807','1 Quantity of 500 Denomination added to Cage 9',27,9,0),(118,1,'TRANSFER','CASH',0.000000000000000000000000000000,0,1000.000000000000000000000000000000,'INR','Vault','Cage 9','1764531097710-D91I9J',2,3,'2025-11-30 19:31:37.710','Cash of INR 1000 added to Cage 9',27,9,0),(119,1,'TRANSFER','CHIP',10000.000000000000000000000000000000,1,10000.000000000000000000000000000000,'INR','Vault','Cage 9','1764531097710-D91I9J',2,3,'2025-11-30 19:31:37.710','1 Quantity of 10000 Denomination added to Cage 9',27,9,0),(120,1,'TRANSFER','CASH',0.000000000000000000000000000000,0,9000.000000000000000000000000000000,'INR','Vault','Cage 9','1764531759488-ULCSY3',2,3,'2025-11-30 19:42:39.488','Cash of INR 9000 added to Cage 9',27,9,0),(121,1,'TRANSFER','CHIP',10000.000000000000000000000000000000,1,10000.000000000000000000000000000000,'INR','Vault','Cage 9','1764531759488-ULCSY3',2,3,'2025-11-30 19:42:39.488','1 Quantity of 10000 Denomination added to Cage 9',27,9,0),(122,1,'TRANSFER','CASH',0.000000000000000000000000000000,0,8000.000000000000000000000000000000,'INR','Vault','Cage 9','1764532160728-QWJMOP',2,3,'2025-11-30 19:49:20.728','Cash of INR 8000 added to Cage 9',27,9,0),(123,1,'TRANSFER','CHIP',10000.000000000000000000000000000000,1,10000.000000000000000000000000000000,'INR','Vault','Cage 9','1764532160728-QWJMOP',2,3,'2025-11-30 19:49:20.728','1 Quantity of 10000 Denomination added to Cage 9',27,9,0),(124,1,'TRANSFER','CHIP',5000.000000000000000000000000000000,1,5000.000000000000000000000000000000,'INR','Vault','Cage 9','1764532160728-QWJMOP',2,3,'2025-11-30 19:49:20.728','1 Quantity of 5000 Denomination added to Cage 9',27,9,0),(125,1,'TRANSFER','CHIP',2000.000000000000000000000000000000,2,4000.000000000000000000000000000000,'INR','Vault','Cage 9','1764532160728-QWJMOP',2,3,'2025-11-30 19:49:20.728','2 Quantity of 2000 Denomination added to Cage 9',27,9,0),(126,1,'TRANSFER','CHIP',100.000000000000000000000000000000,3,300.000000000000000000000000000000,'INR','Vault','Cage 9','1764532160728-QWJMOP',2,3,'2025-11-30 19:49:20.728','3 Quantity of 100 Denomination added to Cage 9',27,9,0),(127,1,'TRANSFER','CASH',0.000000000000000000000000000000,0,1000.000000000000000000000000000000,'INR','Vault','Cage 9','1764532372999-OSCSIW',2,3,'2025-11-30 19:52:52.999','Cash of INR 1000 added to Cage 9',27,9,0),(128,1,'TRANSFER','CHIP',10000.000000000000000000000000000000,1,10000.000000000000000000000000000000,'INR','Vault','Cage 9','1764532372999-OSCSIW',2,3,'2025-11-30 19:52:52.999','1 Quantity of 10000 Denomination added to Cage 9',27,9,0),(129,1,'TRANSFER','CASH',0.000000000000000000000000000000,0,1000.000000000000000000000000000000,'INR','Vault','Cage 9','1764535260389-NPHJ9L',2,3,'2025-11-30 20:41:00.389','Cash of INR 1000 added to Cage 9',27,9,0),(130,1,'TRANSFER','CHIP',10000.000000000000000000000000000000,1,10000.000000000000000000000000000000,'INR','Vault','Cage 9','1764535260389-NPHJ9L',2,3,'2025-11-30 20:41:00.389','1 Quantity of 10000 Denomination added to Cage 9',27,9,0),(131,1,'TRANSFER','CASH',0.000000000000000000000000000000,0,1000.000000000000000000000000000000,'INR','Vault','Cage 9','1764535396713-M1SNVP',2,3,'2025-11-30 20:43:16.713','Cash of INR 1000 added to Cage 9',27,9,0),(132,1,'TRANSFER','CHIP',10000.000000000000000000000000000000,1,10000.000000000000000000000000000000,'INR','Vault','Cage 9','1764535396713-M1SNVP',2,3,'2025-11-30 20:43:16.713','1 Quantity of 10000 Denomination added to Cage 9',27,9,0),(133,1,'TRANSFER','CASH',0.000000000000000000000000000000,0,1000.000000000000000000000000000000,'INR','Vault','Cage 9','1764879677209-R1Y434',2,3,'2025-12-04 20:21:17.209','Cash of INR 1000 added to Cage 9',27,9,0),(134,1,'TRANSFER','CHIP',10000.000000000000000000000000000000,1,10000.000000000000000000000000000000,'INR','Vault','Cage 9','1764879677209-R1Y434',2,3,'2025-12-04 20:21:17.209','1 Quantity of 10000 Denomination added to Cage 9',27,9,0),(135,1,'TRANSFER','CASH',0.000000000000000000000000000000,0,1000.000000000000000000000000000000,'INR','Vault','Cage 9','1764880406014-VASRIS',2,3,'2025-12-04 20:33:26.014','Cash of INR 1000 added to Cage 9',27,9,0),(136,1,'TRANSFER','CHIP',10000.000000000000000000000000000000,1,10000.000000000000000000000000000000,'INR','Vault','Cage 9','1764880406014-VASRIS',2,3,'2025-12-04 20:33:26.014','1 Quantity of 10000 Denomination added to Cage 9',27,9,0),(137,1,'TRANSFER','CASH',0.000000000000000000000000000000,0,10000.000000000000000000000000000000,'INR','Vault','Cage 9','1764881014749-A1ENVO',2,3,'2025-12-04 20:43:34.749','Cash of INR 10000 added to Cage 9',27,9,0),(138,1,'TRANSFER','CHIP',10000.000000000000000000000000000000,1,10000.000000000000000000000000000000,'INR','Vault','Cage 9','1764881014749-A1ENVO',2,3,'2025-12-04 20:43:34.749','1 Quantity of 10000 Denomination added to Cage 9',27,9,0),(139,1,'TRANSFER','CHIP',5000.000000000000000000000000000000,1,5000.000000000000000000000000000000,'INR','Vault','Cage 9','1764881014749-A1ENVO',2,3,'2025-12-04 20:43:34.749','1 Quantity of 5000 Denomination added to Cage 9',27,9,0),(140,1,'TRANSFER','CASH',0.000000000000000000000000000000,0,1000.000000000000000000000000000000,'INR','Vault','Cage 9','1764881369688-GSCNRY',2,3,'2025-12-04 20:49:29.688','Cash of INR 1000 added to Cage 9',27,9,0),(141,1,'TRANSFER','CHIP',10000.000000000000000000000000000000,1,10000.000000000000000000000000000000,'INR','Vault','Cage 9','1764881369688-GSCNRY',2,3,'2025-12-04 20:49:29.688','1 Quantity of 10000 Denomination added to Cage 9',27,9,0),(142,1,'TRANSFER','CHIP',5000.000000000000000000000000000000,1,5000.000000000000000000000000000000,'INR','Vault','Cage 9','1764881369688-GSCNRY',2,3,'2025-12-04 20:49:29.688','1 Quantity of 5000 Denomination added to Cage 9',27,9,0),(143,1,'TRANSFER','CASH',0.000000000000000000000000000000,0,1000.000000000000000000000000000000,'INR','Vault','Cage 9','1764881459483-LUZDJY',2,3,'2025-12-04 20:50:59.483','Cash of INR 1000 added to Cage 9',27,9,0),(144,1,'TRANSFER','CHIP',10000.000000000000000000000000000000,1,10000.000000000000000000000000000000,'INR','Vault','Cage 9','1764881459483-LUZDJY',2,3,'2025-12-04 20:50:59.483','1 Quantity of 10000 Denomination added to Cage 9',27,9,0),(145,1,'TRANSFER','CHIP',5000.000000000000000000000000000000,1,5000.000000000000000000000000000000,'INR','Vault','Cage 9','1764881459483-LUZDJY',2,3,'2025-12-04 20:50:59.483','1 Quantity of 5000 Denomination added to Cage 9',27,9,0),(146,1,'TRANSFER','CASH',0.000000000000000000000000000000,0,1000.000000000000000000000000000000,'INR','Vault','Cage 9','1764882207623-33GN2Q',2,3,'2025-12-04 21:03:27.623','Cash of INR 1000 added to Cage 9',27,9,0),(147,1,'TRANSFER','CHIP',10000.000000000000000000000000000000,1,10000.000000000000000000000000000000,'INR','Vault','Cage 9','1764882207623-33GN2Q',2,3,'2025-12-04 21:03:27.623','1 Quantity of 10000 Denomination added to Cage 9',27,9,0),(148,1,'TRANSFER','CHIP',5000.000000000000000000000000000000,1,5000.000000000000000000000000000000,'INR','Vault','Cage 9','1764882207623-33GN2Q',2,3,'2025-12-04 21:03:27.623','1 Quantity of 5000 Denomination added to Cage 9',27,9,0),(149,1,'TRANSFER','CASH',0.000000000000000000000000000000,0,1000.000000000000000000000000000000,'INR','Vault','Cage 9','1764882275344-25ZYNU',2,3,'2025-12-04 21:04:35.344','Cash of INR 1000 added to Cage 9',27,9,0),(150,1,'TRANSFER','CHIP',10000.000000000000000000000000000000,1,10000.000000000000000000000000000000,'INR','Vault','Cage 9','1764882275344-25ZYNU',2,3,'2025-12-04 21:04:35.344','1 Quantity of 10000 Denomination added to Cage 9',27,9,0),(151,1,'TRANSFER','CASH',0.000000000000000000000000000000,0,1000.000000000000000000000000000000,'INR','Vault','Cage 9','1764882305130-DFOQID',2,3,'2025-12-04 21:05:05.130','Cash of INR 1000 added to Cage 9',27,9,0),(152,1,'TRANSFER','CHIP',2500.000000000000000000000000000000,1,2500.000000000000000000000000000000,'INR','Vault','Cage 9','1764882305130-DFOQID',2,3,'2025-12-04 21:05:05.130','1 Quantity of 2500 Denomination added to Cage 9',27,9,0),(153,1,'TRANSFER','CHIP',10000.000000000000000000000000000000,1,10000.000000000000000000000000000000,'INR','Cage 9','Vault','1764932430806-TEK1NB',2,3,'2025-12-05 11:00:30.806','1 Quantity of 10000 Denomination moved from Cage 9 to Vault',27,9,0),(154,1,'TRANSFER','CASH',0.000000000000000000000000000000,0,5000.000000000000000000000000000000,'INR','Cage 9','Vault','1764965467921-TP01EU',2,3,'2025-12-05 20:11:07.921','Cash of INR 5000 moved from Cage 9 to Vault',27,9,0),(155,1,'TRANSFER','CHIP',10000.000000000000000000000000000000,1,10000.000000000000000000000000000000,'INR','Cage 9','Vault','1764965467921-TP01EU',2,3,'2025-12-05 20:11:07.921','1 Quantity of 10000 Denomination moved from Cage 9 to Vault',27,9,0),(156,1,'TRANSFER','CASH',0.000000000000000000000000000000,0,1000.000000000000000000000000000000,'INR','Cage 9','Vault','1764966111515-ZHFCLT',2,3,'2025-12-05 20:21:51.515','Cash of INR 1000 moved from Cage 9 to Vault',27,9,0),(157,1,'TRANSFER','CHIP',10000.000000000000000000000000000000,1,10000.000000000000000000000000000000,'INR','Cage 9','Vault','1764966111515-ZHFCLT',2,3,'2025-12-05 20:21:51.515','1 Quantity of 10000 Denomination moved from Cage 9 to Vault',27,9,0),(158,1,'TRANSFER','CHIP',10000.000000000000000000000000000000,1,10000.000000000000000000000000000000,'INR','Vault','Cage 9','1765029224905-Y1NDSL',2,3,'2025-12-06 13:53:44.905','1 Quantity of 10000 Denomination added to Cage 9',27,9,0),(159,1,'TRANSFER','CHIP',10000.000000000000000000000000000000,1,10000.000000000000000000000000000000,'INR','Vault','Cage 9','1765029281631-7UQD3H',2,3,'2025-12-06 13:54:41.631','1 Quantity of 10000 Denomination added to Cage 9',27,9,0),(160,1,'TRANSFER','CHIP',10000.000000000000000000000000000000,1,10000.000000000000000000000000000000,'INR','Vault','Cage 9','1765029342131-6ZUM6O',2,3,'2025-12-06 13:55:42.131','1 Quantity of 10000 Denomination added to Cage 9',27,9,0),(161,1,'TRANSFER','CHIP',10000.000000000000000000000000000000,1,10000.000000000000000000000000000000,'INR','Vault','Cage 9','1765035150007-TNKWWD',2,3,'2025-12-06 15:32:30.007','1 Quantity of 10000 Denomination added to Cage 9',27,9,0),(162,1,'TRANSFER','CASH',0.000000000000000000000000000000,0,1000.000000000000000000000000000000,'INR','Vault','Cage 9','1765049658815-RZTV0J',2,3,'2025-12-06 19:34:18.815','Cash of INR 1000 added to Cage 9',27,9,0),(163,1,'TRANSFER','CASH',0.000000000000000000000000000000,0,9000.000000000000000000000000000000,'INR','Vault','Cage 9','1765049794096-RASJDY',2,3,'2025-12-06 19:36:34.096','Cash of INR 9000 added to Cage 9',27,9,0),(164,1,'TRANSFER','CHIP',10000.000000000000000000000000000000,1,10000.000000000000000000000000000000,'INR','Vault','Cage 9','1765049794096-RASJDY',2,3,'2025-12-06 19:36:34.096','1 Quantity of 10000 Denomination added to Cage 9',27,9,0),(165,1,'TRANSFER','CHIP',5000.000000000000000000000000000000,1,5000.000000000000000000000000000000,'INR','Vault','Cage 9','1765049794096-RASJDY',2,3,'2025-12-06 19:36:34.096','1 Quantity of 5000 Denomination added to Cage 9',27,9,0),(166,1,'TRANSFER','CHIP',2500.000000000000000000000000000000,2,5000.000000000000000000000000000000,'INR','Vault','Cage 9','1765049794096-RASJDY',2,3,'2025-12-06 19:36:34.096','2 Quantity of 2500 Denomination added to Cage 9',27,9,0),(167,1,'TRANSFER','CASH',0.000000000000000000000000000000,0,1000.000000000000000000000000000000,'INR','Cage 9','Vault','1765131493957-BEPDLR',2,3,'2025-12-07 18:18:13.957','Cash of INR 1000 moved from Cage 9 to Vault',27,9,0),(168,1,'TRANSFER','CHIP',10000.000000000000000000000000000000,1,10000.000000000000000000000000000000,'INR','Cage 9','Vault','1765132840399-11SV22',2,3,'2025-12-07 18:40:40.399','1 Quantity of 10000 Denomination moved from Cage 9 to Vault',27,9,0),(169,1,'TRANSFER','CASH',0.000000000000000000000000000000,0,1000.000000000000000000000000000000,'INR','Cage 9','Vault','1765133041944-OTYAPG',2,3,'2025-12-07 18:44:01.944','Cash of INR 1000 moved from Cage 9 to Vault',27,9,0),(170,1,'TRANSFER','CHIP',2500.000000000000000000000000000000,1,2500.000000000000000000000000000000,'INR','Cage 9','Vault','1765133156893-F4PRXN',2,3,'2025-12-07 18:45:56.893','1 Quantity of 2500 Denomination moved from Cage 9 to Vault',27,9,0),(171,1,'TRANSFER','CASH',0.000000000000000000000000000000,0,1000.000000000000000000000000000000,'INR','Cage 9','Vault','1765133858874-EMM5YD',2,3,'2025-12-07 18:57:38.874','Cash of INR 1000 moved from Cage 9 to Vault',27,9,0),(172,1,'TRANSFER','CHIP',5000.000000000000000000000000000000,1,5000.000000000000000000000000000000,'INR','Cage 9','Vault','1765134507723-G6BFPV',2,3,'2025-12-07 19:08:27.723','1 Quantity of 5000 Denomination moved from Cage 9 to Vault',27,9,0),(173,1,'TRANSFER','CASH',0.000000000000000000000000000000,0,10000.000000000000000000000000000000,'INR','Cage 9','Vault','1765575214993-A23T38',2,3,'2025-12-12 21:33:34.993','Cash of INR 10000 moved from Cage 9 to Vault',27,9,0),(174,1,'TRANSFER','CHIP',10000.000000000000000000000000000000,1,10000.000000000000000000000000000000,'INR','Cage 9','Vault','1765575214993-A23T38',2,3,'2025-12-12 21:33:34.993','1 Quantity of 10000 Denomination moved from Cage 9 to Vault',27,9,0),(175,1,'TRANSFER','CASH',0.000000000000000000000000000000,0,10000.000000000000000000000000000000,'INR','Cage 9','Vault','1765576518794-60CC4U',2,3,'2025-12-12 21:55:18.794','Cash of INR 10000 moved from Cage 9 to Vault',27,9,0),(176,1,'TRANSFER','CASH',0.000000000000000000000000000000,0,10000.000000000000000000000000000000,'INR','Cage 9','Vault','1765825211999-MWMRXM',2,3,'2025-12-15 19:00:11.999','Cash of INR 10000 moved from Cage 9 to Vault',27,9,0),(177,1,'TRANSFER','CHIP',10000.000000000000000000000000000000,1,10000.000000000000000000000000000000,'INR','Cage 9','Vault','1765825211999-MWMRXM',2,3,'2025-12-15 19:00:11.999','1 Quantity of 10000 Denomination moved from Cage 9 to Vault',27,9,0),(178,1,'TRANSFER','CASH',0.000000000000000000000000000000,0,10000.000000000000000000000000000000,'INR','Cage 9','Vault','1765826343359-NJAJKQ',2,3,'2025-12-15 19:19:03.359','Cash of INR 10000 moved from Cage 9 to Vault',27,9,0),(179,1,'TRANSFER','CHIP',10000.000000000000000000000000000000,1,10000.000000000000000000000000000000,'INR','Cage 9','Vault','1765826343359-NJAJKQ',2,3,'2025-12-15 19:19:03.359','1 Quantity of 10000 Denomination moved from Cage 9 to Vault',27,9,0),(180,1,'TRANSFER','CASH',0.000000000000000000000000000000,0,10000.000000000000000000000000000000,'INR','Cage 9','Vault','1765826390707-TCOXOB',2,3,'2025-12-15 19:19:50.707','Cash of INR 10000 moved from Cage 9 to Vault',27,9,0),(181,1,'TRANSFER','CHIP',10000.000000000000000000000000000000,1,10000.000000000000000000000000000000,'INR','Cage 9','Vault','1765826390707-TCOXOB',2,3,'2025-12-15 19:19:50.707','1 Quantity of 10000 Denomination moved from Cage 9 to Vault',27,9,0),(182,1,'TRANSFER','CASH',0.000000000000000000000000000000,0,10000.000000000000000000000000000000,'INR','Cage 9','Vault','1765826645523-0821JD',2,3,'2025-12-15 19:24:05.523','Cash of INR 10000 moved from Cage 9 to Vault',27,9,0),(183,1,'TRANSFER','CHIP',10000.000000000000000000000000000000,1,10000.000000000000000000000000000000,'INR','Cage 9','Vault','1765826645523-0821JD',2,3,'2025-12-15 19:24:05.523','1 Quantity of 10000 Denomination moved from Cage 9 to Vault',27,9,0),(184,1,'TRANSFER','CASH',0.000000000000000000000000000000,0,10000.000000000000000000000000000000,'INR','Cage 9','Vault','1765826890945-TSJH8C',2,3,'2025-12-15 19:28:10.945','Cash of INR 10000 moved from Cage 9 to Vault',27,9,0),(185,1,'TRANSFER','CHIP',10000.000000000000000000000000000000,1,10000.000000000000000000000000000000,'INR','Cage 9','Vault','1765826890945-TSJH8C',2,3,'2025-12-15 19:28:10.945','1 Quantity of 10000 Denomination moved from Cage 9 to Vault',27,9,0);
/*!40000 ALTER TABLE `VaultTransaction` ENABLE KEYS */;
UNLOCK TABLES;

--
-- Dumping events for database 'CasinoManagement'
--

--
-- Dumping routines for database 'CasinoManagement'
--
/*!40103 SET TIME_ZONE=@OLD_TIME_ZONE */;

/*!40101 SET SQL_MODE=@OLD_SQL_MODE */;
/*!40014 SET FOREIGN_KEY_CHECKS=@OLD_FOREIGN_KEY_CHECKS */;
/*!40014 SET UNIQUE_CHECKS=@OLD_UNIQUE_CHECKS */;
/*!40101 SET CHARACTER_SET_CLIENT=@OLD_CHARACTER_SET_CLIENT */;
/*!40101 SET CHARACTER_SET_RESULTS=@OLD_CHARACTER_SET_RESULTS */;
/*!40101 SET COLLATION_CONNECTION=@OLD_COLLATION_CONNECTION */;
/*!40111 SET SQL_NOTES=@OLD_SQL_NOTES */;

-- Dump completed on 2025-12-27  0:24:04
